,BRAND,MPN,GOGGLE CAT,WEB CAT,COLOUR
PN7875,The Mountain Boot Co Ltd,72,Sporting Goods->Outdoor Recreation->Climbing->Ice Climbing,GRIVEL,
PN19167,The Mountain Boot Co Ltd,101.73,Sporting Goods->Outdoor Recreation->Climbing->Ice Climbing,9004,
PN30503,Nikwax,119,"Sporting Goods->Outdoor Recreation->Camping, Backpacking & Hiking",11001,
PN30498,Nikwax,221,"Sporting Goods->Outdoor Recreation->Camping, Backpacking & Hiking",NIKWAX,
PN30497,Nikwax,241,"Sporting Goods->Outdoor Recreation->Camping, Backpacking & Hiking",11001,
PN5566,The Mountain Boot Co Ltd,251.12,Sporting Goods->Outdoor Recreation->Climbing->Ice Climbing,GRIVEL,
PN5567,The Mountain Boot Co Ltd,251.17,Sporting Goods->Outdoor Recreation->Climbing->Ice Climbing,9007,
PN5568,The Mountain Boot Co Ltd,251.22,Sporting Goods->Outdoor Recreation->Climbing->Ice Climbing,GRIVEL,
PN30496,Nikwax,261,"Sporting Goods->Outdoor Recreation->Camping, Backpacking & Hiking",11001,
PN34260,Dalesman Int Ltd,304,"Sporting Goods->Outdoor Recreation->Camping, Backpacking & Hiking->Tent Accessories",1020,
PN59082,Nikwax,373,"Sporting Goods->Outdoor Recreation->Camping, Backpacking & Hiking",4012,
PN30504,Nikwax,437,"Sporting Goods->Outdoor Recreation->Camping, Backpacking & Hiking",NIKWAX,
PN251,Allcord Limited,439,Luggage & Bags->Backpacks,CAMP,
PN30501,Nikwax,451,"Sporting Goods->Outdoor Recreation->Camping, Backpacking & Hiking",12001,
PN19176,Trail Card,620,,2004,
PN30484,Nikwax,771,"Sporting Goods->Outdoor Recreation->Camping, Backpacking & Hiking",NIKWAX,
PN30486,Nikwax,772,"Sporting Goods->Outdoor Recreation->Camping, Backpacking & Hiking",6010,
PN30481,Nikwax,791,"Sporting Goods->Outdoor Recreation->Camping, Backpacking & Hiking",6010,
PN30487,Nikwax,792,"Sporting Goods->Outdoor Recreation->Camping, Backpacking & Hiking",NIKWAX,
PN90885,Nikwax,794,"Sporting Goods->Outdoor Recreation->Camping, Backpacking & Hiking",6010,
PN33126,Lifemarque Ltd,1010,"Sporting Goods->Outdoor Recreation->Camping, Backpacking & Hiking",1005,
PN38549,Lifemarque Ltd,1015,"Sporting Goods->Outdoor Recreation->Camping, Backpacking & Hiking",LIFESY,
PN38550,Lifemarque Ltd,1025,"Sporting Goods->Outdoor Recreation->Camping, Backpacking & Hiking",1005,
PN38551,Lifemarque Ltd,1030,"Sporting Goods->Outdoor Recreation->Camping, Backpacking & Hiking",LIFESY,
PN38552,Lifemarque Ltd,1035,"Sporting Goods->Outdoor Recreation->Camping, Backpacking & Hiking",1005,
PN33122,Lifemarque Ltd,1040,"Sporting Goods->Outdoor Recreation->Camping, Backpacking & Hiking",LIFESY,
PN38660,Lifemarque Ltd,1045,"Sporting Goods->Outdoor Recreation->Camping, Backpacking & Hiking",LIFESY,
PN38553,Lifemarque Ltd,1050,"Sporting Goods->Outdoor Recreation->Camping, Backpacking & Hiking",LIFESY,
PN38554,Lifemarque Ltd,1055,"Sporting Goods->Outdoor Recreation->Camping, Backpacking & Hiking",1005,
PN38555,Lifemarque Ltd,1060,"Sporting Goods->Outdoor Recreation->Camping, Backpacking & Hiking",LIFESY,
PN38556,Lifemarque Ltd,1065,"Sporting Goods->Outdoor Recreation->Camping, Backpacking & Hiking",LIFESY,
PN38557,Lifemarque Ltd,1070,"Sporting Goods->Outdoor Recreation->Camping, Backpacking & Hiking",1005,
PN70318,Cascade Designs Ltd,1982,"Sporting Goods->Outdoor Recreation->Camping, Backpacking & Hiking->Sleeping Pads",13004,
PN70319,Cascade Designs Ltd,1983,"Sporting Goods->Outdoor Recreation->Camping, Backpacking & Hiking->Sleeping Pads",THERM4,
PN38661,Lifemarque Ltd,2020,"Sporting Goods->Outdoor Recreation->Camping, Backpacking & Hiking",1005,
PN33066,Lifemarque Ltd,2090,"Sporting Goods->Outdoor Recreation->Camping, Backpacking & Hiking",1005,
PN8722,Cascade Designs Ltd,2148,"Sporting Goods->Outdoor Recreation->Camping, Backpacking & Hiking->Sleeping Pads",THERM3,
PN8723,Cascade Designs Ltd,2149,"Sporting Goods->Outdoor Recreation->Camping, Backpacking & Hiking->Sleeping Pads",13004,
PN70330,Cascade Designs Ltd,2166,"Sporting Goods->Outdoor Recreation->Camping, Backpacking & Hiking->Camping Cookware & Dinnerware",MSR,
PN8768,Cascade Designs Ltd,2237,"Sporting Goods->Outdoor Recreation->Camping, Backpacking & Hiking->Portable Water Filters & Purifiers",1019,
PN33116,Lifemarque Ltd,2240,"Sporting Goods->Outdoor Recreation->Camping, Backpacking & Hiking",1020,
PN33200,Lifemarque Ltd,2245,"Sporting Goods->Outdoor Recreation->Camping, Backpacking & Hiking",1020,
PN38563,Lifemarque Ltd,2250,"Sporting Goods->Outdoor Recreation->Camping, Backpacking & Hiking",16007,
PN57121,Lifemarque Ltd,2270,"Sporting Goods->Outdoor Recreation->Camping, Backpacking & Hiking",1020,
PN33150,Lifemarque Ltd,3120,"Sporting Goods->Outdoor Recreation->Camping, Backpacking & Hiking",1019,
PN33153,Lifemarque Ltd,3130,"Sporting Goods->Outdoor Recreation->Camping, Backpacking & Hiking",1019,
PN4118,Cascade Designs Ltd,3226,"Sporting Goods->Outdoor Recreation->Camping, Backpacking & Hiking->Camping Cookware & Dinnerware",5005,
PN19446,Cascade Designs Ltd,3279,"Sporting Goods->Outdoor Recreation->Camping, Backpacking & Hiking->Camping Cookware & Dinnerware",PLATYP,
PN38565,Lifemarque Ltd,3510,"Sporting Goods->Outdoor Recreation->Camping, Backpacking & Hiking",LIFESY,
PN38566,Lifemarque Ltd,3520,"Sporting Goods->Outdoor Recreation->Camping, Backpacking & Hiking",1014,
PN8728,Cascade Designs Ltd,3588,"Sporting Goods->Outdoor Recreation->Camping, Backpacking & Hiking->Sleeping Pads",THERMA,
PN33143,Lifemarque Ltd,5001,"Sporting Goods->Outdoor Recreation->Camping, Backpacking & Hiking",1012,
PN33146,Lifemarque Ltd,5003,"Sporting Goods->Outdoor Recreation->Camping, Backpacking & Hiking",LIFESY,
PN90851,Lifemarque Ltd,5006,"Sporting Goods->Outdoor Recreation->Camping, Backpacking & Hiking",1020,
PN33145,Lifemarque Ltd,5041,"Sporting Goods->Outdoor Recreation->Camping, Backpacking & Hiking",LIFESY,
PN39588,Lifemarque Ltd,5060,"Sporting Goods->Outdoor Recreation->Camping, Backpacking & Hiking",1012,
PN39586,Lifemarque Ltd,5065,"Sporting Goods->Outdoor Recreation->Camping, Backpacking & Hiking",1012,
PN39587,Lifemarque Ltd,5150,"Sporting Goods->Outdoor Recreation->Camping, Backpacking & Hiking",1012,
PN19248,Cascade Designs Ltd,5163,"Sporting Goods->Outdoor Recreation->Camping, Backpacking & Hiking->Tent Accessories",MSR,
PN19243,Cascade Designs Ltd,5207,"Sporting Goods->Outdoor Recreation->Camping, Backpacking & Hiking->Sleeping Pads",13004,
PN19245,Cascade Designs Ltd,5228,"Sporting Goods->Outdoor Recreation->Camping, Backpacking & Hiking->Sleeping Pads",13004,
PN8733,Cascade Designs Ltd,5327,"Sporting Goods->Outdoor Recreation->Camping, Backpacking & Hiking->Camping Cookware & Dinnerware",MSR,
PN19254,Cascade Designs Ltd,5329,"Sporting Goods->Outdoor Recreation->Camping, Backpacking & Hiking->Camping Cookware & Dinnerware",MSR,
PN19255,Cascade Designs Ltd,5330,"Sporting Goods->Outdoor Recreation->Camping, Backpacking & Hiking->Camping Cookware & Dinnerware",5002,
PN19260,Cascade Designs Ltd,5336,"Sporting Goods->Outdoor Recreation->Camping, Backpacking & Hiking->Camping Cookware & Dinnerware",5001,
PN19259,Cascade Designs Ltd,5337,"Sporting Goods->Outdoor Recreation->Camping, Backpacking & Hiking->Camping Cookware & Dinnerware",MSR,
PN19261,Cascade Designs Ltd,5338,"Sporting Goods->Outdoor Recreation->Camping, Backpacking & Hiking->Camping Cookware & Dinnerware",MSR,
PN19258,Cascade Designs Ltd,5346,"Sporting Goods->Outdoor Recreation->Camping, Backpacking & Hiking->Camping Cookware & Dinnerware",MSR,
PN70337,Cascade Designs Ltd,5490,"Sporting Goods->Outdoor Recreation->Camping, Backpacking & Hiking->Tents",MSR,
PN8735,Cascade Designs Ltd,5995,"Sporting Goods->Outdoor Recreation->Camping, Backpacking & Hiking->Camping Cookware & Dinnerware",MSR,
PN8736,Cascade Designs Ltd,5996,"Sporting Goods->Outdoor Recreation->Camping, Backpacking & Hiking->Camping Cookware & Dinnerware",5002,
PN8202,Dalesman Int Ltd,6103,"Sporting Goods->Outdoor Recreation->Camping, Backpacking & Hiking->Tent Accessories",LED,
PN38567,Lifemarque Ltd,6250,"Sporting Goods->Outdoor Recreation->Camping, Backpacking & Hiking",LIFESY,
PN8703,Cascade Designs Ltd,6396,"Sporting Goods->Outdoor Recreation->Camping, Backpacking & Hiking->Sleeping Pads",13004,
PN33134,Lifemarque Ltd,6400,"Sporting Goods->Outdoor Recreation->Camping, Backpacking & Hiking",1009,
PN8710,Cascade Designs Ltd,6408,"Sporting Goods->Outdoor Recreation->Camping, Backpacking & Hiking->Sleeping Pads",13004,
PN8711,Cascade Designs Ltd,6410,"Sporting Goods->Outdoor Recreation->Camping, Backpacking & Hiking->Sleeping Pads",THERM2,
PN8706,Cascade Designs Ltd,6411,"Sporting Goods->Outdoor Recreation->Camping, Backpacking & Hiking->Sleeping Pads",13004,
PN8707,Cascade Designs Ltd,6412,"Sporting Goods->Outdoor Recreation->Camping, Backpacking & Hiking->Sleeping Pads",THERM2,
PN8727,Cascade Designs Ltd,6418,"Sporting Goods->Outdoor Recreation->Camping, Backpacking & Hiking->Sleeping Pads",THERMA,
PN8712,Cascade Designs Ltd,6420,"Sporting Goods->Outdoor Recreation->Camping, Backpacking & Hiking->Sleeping Pads",13004,
PN8713,Cascade Designs Ltd,6421,"Sporting Goods->Outdoor Recreation->Camping, Backpacking & Hiking->Sleeping Pads",THERM2,
PN8714,Cascade Designs Ltd,6422,"Sporting Goods->Outdoor Recreation->Camping, Backpacking & Hiking->Sleeping Pads",THERM2,
PN8715,Cascade Designs Ltd,6423,"Sporting Goods->Outdoor Recreation->Camping, Backpacking & Hiking->Sleeping Pads",THERM3,
PN8716,Cascade Designs Ltd,6424,"Sporting Goods->Outdoor Recreation->Camping, Backpacking & Hiking->Sleeping Pads",13004,
PN8717,Cascade Designs Ltd,6425,"Sporting Goods->Outdoor Recreation->Camping, Backpacking & Hiking->Sleeping Pads",THERM2,
PN38570,Lifemarque Ltd,6540,"Sporting Goods->Outdoor Recreation->Camping, Backpacking & Hiking",1009,
PN33130,Lifemarque Ltd,6550,"Sporting Goods->Outdoor Recreation->Camping, Backpacking & Hiking",1009,
PN38571,Lifemarque Ltd,6580,"Sporting Goods->Outdoor Recreation->Camping, Backpacking & Hiking",1009,
PN6820,Cascade Designs Ltd,6580,"Sporting Goods->Outdoor Recreation->Camping, Backpacking & Hiking->Sleeping Pads",13004,
PN19256,Cascade Designs Ltd,6595,"Sporting Goods->Outdoor Recreation->Camping, Backpacking & Hiking->Camping Cookware & Dinnerware",MSR,
PN19253,Cascade Designs Ltd,6596,"Sporting Goods->Outdoor Recreation->Camping, Backpacking & Hiking->Camping Cookware & Dinnerware",5002,
PN57195,Cascade Designs Ltd,6597,"Sporting Goods->Outdoor Recreation->Camping, Backpacking & Hiking->Camping Cookware & Dinnerware",MSR,
PN8753,Cascade Designs Ltd,6600,"Sporting Goods->Outdoor Recreation->Camping, Backpacking & Hiking->Tent Accessories",MSR,
PN4131,Cascade Designs Ltd,6601,"Sporting Goods->Outdoor Recreation->Camping, Backpacking & Hiking->Tent Accessories",MSR,
PN8752,Cascade Designs Ltd,6602,"Sporting Goods->Outdoor Recreation->Camping, Backpacking & Hiking->Tent Accessories",14001,
PN4132,Cascade Designs Ltd,6604,"Sporting Goods->Outdoor Recreation->Camping, Backpacking & Hiking->Tent Accessories",MSR,
PN4129,Cascade Designs Ltd,6605,"Sporting Goods->Outdoor Recreation->Camping, Backpacking & Hiking->Tent Accessories",14001,
PN4130,Cascade Designs Ltd,6611,"Sporting Goods->Outdoor Recreation->Camping, Backpacking & Hiking->Tent Accessories",14001,
PN8754,Cascade Designs Ltd,6613,"Sporting Goods->Outdoor Recreation->Camping, Backpacking & Hiking->Tent Accessories",MSR,
PN4127,Cascade Designs Ltd,6616,"Sporting Goods->Outdoor Recreation->Camping, Backpacking & Hiking->Tent Accessories",MSR,
PN4128,Cascade Designs Ltd,6617,"Sporting Goods->Outdoor Recreation->Camping, Backpacking & Hiking->Tent Accessories",MSR,
PN4123,Cascade Designs Ltd,6618,"Sporting Goods->Outdoor Recreation->Camping, Backpacking & Hiking->Tent Accessories",MSR,
PN4119,Cascade Designs Ltd,6631,"Sporting Goods->Outdoor Recreation->Camping, Backpacking & Hiking->Camping Cookware & Dinnerware",5005,
PN4120,Cascade Designs Ltd,6632,"Sporting Goods->Outdoor Recreation->Camping, Backpacking & Hiking->Camping Cookware & Dinnerware",MSR,
PN4121,Cascade Designs Ltd,6635,"Sporting Goods->Outdoor Recreation->Camping, Backpacking & Hiking->Camping Cookware & Dinnerware",5005,
PN4122,Cascade Designs Ltd,6637,"Sporting Goods->Outdoor Recreation->Camping, Backpacking & Hiking->Camping Cookware & Dinnerware",5005,
PN30930,Cascade Designs Ltd,6639,"Sporting Goods->Outdoor Recreation->Camping, Backpacking & Hiking->Camping Cookware & Dinnerware",5005,
PN70331,Cascade Designs Ltd,6640,"Sporting Goods->Outdoor Recreation->Camping, Backpacking & Hiking->Camping Cookware & Dinnerware",MSR,
PN30929,Cascade Designs Ltd,6641,"Sporting Goods->Outdoor Recreation->Camping, Backpacking & Hiking->Camping Cookware & Dinnerware",5005,
PN30926,Cascade Designs Ltd,6644,"Sporting Goods->Outdoor Recreation->Camping, Backpacking & Hiking->Camping Cookware & Dinnerware",MSR,
PN4096,Cascade Designs Ltd,6645,"Sporting Goods->Outdoor Recreation->Camping, Backpacking & Hiking->Sleeping Pads",13004,
PN4097,Cascade Designs Ltd,6646,"Sporting Goods->Outdoor Recreation->Camping, Backpacking & Hiking->Sleeping Pads",13004,
PN4098,Cascade Designs Ltd,6647,"Sporting Goods->Outdoor Recreation->Camping, Backpacking & Hiking->Sleeping Pads",13004,
PN4092,Cascade Designs Ltd,6649,"Sporting Goods->Outdoor Recreation->Camping, Backpacking & Hiking->Sleeping Pads",13004,
PN4093,Cascade Designs Ltd,6650,"Sporting Goods->Outdoor Recreation->Camping, Backpacking & Hiking->Sleeping Pads",THERM,
PN4094,Cascade Designs Ltd,6651,"Sporting Goods->Outdoor Recreation->Camping, Backpacking & Hiking->Sleeping Pads",13004,
PN4095,Cascade Designs Ltd,6652,"Sporting Goods->Outdoor Recreation->Camping, Backpacking & Hiking->Sleeping Pads",THERM,
PN4103,Cascade Designs Ltd,6658,"Sporting Goods->Outdoor Recreation->Camping, Backpacking & Hiking->Sleeping Pads",THERM1,
PN4104,Cascade Designs Ltd,6659,"Sporting Goods->Outdoor Recreation->Camping, Backpacking & Hiking->Sleeping Pads",13004,
PN4105,Cascade Designs Ltd,6660,"Sporting Goods->Outdoor Recreation->Camping, Backpacking & Hiking->Sleeping Pads",13004,
PN4107,Cascade Designs Ltd,6663,"Sporting Goods->Outdoor Recreation->Camping, Backpacking & Hiking->Sleeping Pads",THERM1,
PN4108,Cascade Designs Ltd,6664,"Sporting Goods->Outdoor Recreation->Camping, Backpacking & Hiking->Sleeping Pads",13004,
PN8724,Cascade Designs Ltd,6666,"Sporting Goods->Outdoor Recreation->Camping, Backpacking & Hiking->Sleeping Pads",13004,
PN4114,Cascade Designs Ltd,6682,"Sporting Goods->Outdoor Recreation->Camping, Backpacking & Hiking->Sleeping Pads",THERM4,
PN4115,Cascade Designs Ltd,6683,"Sporting Goods->Outdoor Recreation->Camping, Backpacking & Hiking->Sleeping Pads",13004,
PN4116,Cascade Designs Ltd,6686,"Sporting Goods->Outdoor Recreation->Camping, Backpacking & Hiking->Sleeping Pads",THERM4,
PN4117,Cascade Designs Ltd,6687,"Sporting Goods->Outdoor Recreation->Camping, Backpacking & Hiking->Sleeping Pads",THERM4,
PN8793,Cascade Designs Ltd,6697,"Sporting Goods->Outdoor Recreation->Camping, Backpacking & Hiking->Portable Water Filters & Purifiers",1008,
PN8792,Cascade Designs Ltd,6698,"Sporting Goods->Outdoor Recreation->Camping, Backpacking & Hiking->Portable Water Filters & Purifiers",PLATYP,
PN8811,Cascade Designs Ltd,6705,"Sporting Goods->Outdoor Recreation->Camping, Backpacking & Hiking",1014,
PN30939,Cascade Designs Ltd,6838,"Sporting Goods->Outdoor Recreation->Camping, Backpacking & Hiking->Camping Cookware & Dinnerware",5001,
PN31068,Cascade Designs Ltd,6861,Sporting Goods->Winter Sports->Snowshoeing->Snowshoes,9007,
PN6813,Cascade Designs Ltd,6895,"Sporting Goods->Outdoor Recreation->Camping, Backpacking & Hiking->Tent Accessories",14001,
PN6862,Cascade Designs Ltd,6897,"Sporting Goods->Outdoor Recreation->Camping, Backpacking & Hiking->Sleeping Pads",MSR,
PN6816,Cascade Designs Ltd,6899,"Sporting Goods->Outdoor Recreation->Camping, Backpacking & Hiking->Tent Accessories",5005,
PN6817,Cascade Designs Ltd,6903,"Sporting Goods->Outdoor Recreation->Camping, Backpacking & Hiking->Tent Accessories",5005,
PN7701,Cascade Designs Ltd,6926,"Sporting Goods->Outdoor Recreation->Camping, Backpacking & Hiking->Camping Cookware & Dinnerware",MSR,
PN8777,Cascade Designs Ltd,6959,"Sporting Goods->Outdoor Recreation->Camping, Backpacking & Hiking->Portable Water Filters & Purifiers",1008,
PN6821,Cascade Designs Ltd,6960,"Sporting Goods->Outdoor Recreation->Camping, Backpacking & Hiking->Sleeping Pads",THERMA,
PN6822,Cascade Designs Ltd,6961,"Sporting Goods->Outdoor Recreation->Camping, Backpacking & Hiking->Sleeping Pads",THERMA,
PN8719,Cascade Designs Ltd,6962,"Sporting Goods->Outdoor Recreation->Camping, Backpacking & Hiking->Sleeping Pads",13004,
PN8720,Cascade Designs Ltd,6963,"Sporting Goods->Outdoor Recreation->Camping, Backpacking & Hiking->Sleeping Pads",THERM3,
PN8721,Cascade Designs Ltd,6964,"Sporting Goods->Outdoor Recreation->Camping, Backpacking & Hiking->Sleeping Pads",13004,
PN6823,Cascade Designs Ltd,6969,"Sporting Goods->Outdoor Recreation->Camping, Backpacking & Hiking->Sleeping Pads",13004,
PN70324,Cascade Designs Ltd,6971,"Sporting Goods->Outdoor Recreation->Camping, Backpacking & Hiking->Sleeping Pads",THERM3,
PN70327,Cascade Designs Ltd,6974,"Sporting Goods->Outdoor Recreation->Camping, Backpacking & Hiking->Sleeping Pads",THERM3,
PN70328,Cascade Designs Ltd,6975,"Sporting Goods->Outdoor Recreation->Camping, Backpacking & Hiking->Sleeping Pads",13004,
PN70329,Cascade Designs Ltd,6976,"Sporting Goods->Outdoor Recreation->Camping, Backpacking & Hiking->Sleeping Pads",THERM3,
PN7700,Cascade Designs Ltd,6982,"Sporting Goods->Outdoor Recreation->Camping, Backpacking & Hiking->Sleeping Pads",THERM5,
PN33136,Lifemarque Ltd,7000,"Sporting Goods->Outdoor Recreation->Camping, Backpacking & Hiking",LIFESY,
PN33137,Lifemarque Ltd,7010,"Sporting Goods->Outdoor Recreation->Camping, Backpacking & Hiking",1009,
PN38277,Cascade Designs Ltd,7023,"Sporting Goods->Outdoor Recreation->Camping, Backpacking & Hiking->Camping Cookware & Dinnerware",1008,
PN38278,Cascade Designs Ltd,7024,"Sporting Goods->Outdoor Recreation->Camping, Backpacking & Hiking->Camping Cookware & Dinnerware",16007,
PN38279,Cascade Designs Ltd,7025,"Sporting Goods->Outdoor Recreation->Camping, Backpacking & Hiking->Sleeping Pads",16007,
PN8778,Cascade Designs Ltd,7026,"Sporting Goods->Outdoor Recreation->Camping, Backpacking & Hiking->Portable Water Filters & Purifiers",1008,
PN33138,Lifemarque Ltd,7030,"Sporting Goods->Outdoor Recreation->Camping, Backpacking & Hiking",LIFESY,
PN8786,Cascade Designs Ltd,7034,"Sporting Goods->Outdoor Recreation->Camping, Backpacking & Hiking->Portable Water Filters & Purifiers",PLATYP,
PN8788,Cascade Designs Ltd,7036,"Sporting Goods->Outdoor Recreation->Camping, Backpacking & Hiking->Portable Water Filters & Purifiers",1018,
PN33139,Lifemarque Ltd,7040,"Sporting Goods->Outdoor Recreation->Camping, Backpacking & Hiking",1009,
PN4994,Cascade Designs Ltd,7040,"Sporting Goods->Outdoor Recreation->Camping, Backpacking & Hiking->Tent Accessories",1008,
PN8791,Cascade Designs Ltd,7042,"Sporting Goods->Outdoor Recreation->Camping, Backpacking & Hiking->Portable Water Filters & Purifiers",1008,
PN8794,Cascade Designs Ltd,7044,"Sporting Goods->Outdoor Recreation->Camping, Backpacking & Hiking->Portable Water Filters & Purifiers",PLATYP,
PN19447,Cascade Designs Ltd,7047,"Sporting Goods->Outdoor Recreation->Camping, Backpacking & Hiking->Camping Cookware & Dinnerware",1008,
PN8795,Cascade Designs Ltd,7048,"Sporting Goods->Outdoor Recreation->Camping, Backpacking & Hiking->Portable Water Filters & Purifiers",PLATYP,
PN33140,Lifemarque Ltd,7050,"Sporting Goods->Outdoor Recreation->Camping, Backpacking & Hiking",LIFESY,
PN57116,Lifemarque Ltd,7070,"Sporting Goods->Outdoor Recreation->Camping, Backpacking & Hiking",1009,
PN8789,Cascade Designs Ltd,7071,"Sporting Goods->Outdoor Recreation->Camping, Backpacking & Hiking->Portable Water Filters & Purifiers",1018,
PN57117,Lifemarque Ltd,7080,"Sporting Goods->Outdoor Recreation->Camping, Backpacking & Hiking",1009,
PN33141,Lifemarque Ltd,7100,"Sporting Goods->Outdoor Recreation->Camping, Backpacking & Hiking",1009,
PN38572,Lifemarque Ltd,7110,"Sporting Goods->Outdoor Recreation->Camping, Backpacking & Hiking",LIFESY,
PN8775,Cascade Designs Ltd,7128,"Sporting Goods->Outdoor Recreation->Camping, Backpacking & Hiking->Portable Water Filters & Purifiers",1008,
PN459,Dalesman Int Ltd,7513,"Sporting Goods->Outdoor Recreation->Camping, Backpacking & Hiking->Tent Accessories",7003,
PN19280,Cascade Designs Ltd,7520,Sporting Goods->Winter Sports->Snowshoeing->Snowshoes,MSR,
PN19282,Cascade Designs Ltd,7523,Sporting Goods->Winter Sports->Snowshoeing->Snowshoes,MSR,
PN19283,Cascade Designs Ltd,7524,Sporting Goods->Winter Sports->Snowshoeing->Snowshoes,9009,
PN19284,Cascade Designs Ltd,7542,Sporting Goods->Winter Sports->Snowshoeing->Snowshoes,MSR,
PN33065,Lifemarque Ltd,8235,"Sporting Goods->Outdoor Recreation->Camping, Backpacking & Hiking",LIFEVE,
PN8729,Cascade Designs Ltd,8490,"Sporting Goods->Outdoor Recreation->Camping, Backpacking & Hiking->Sleeping Pads",13001,
PN38662,Lifemarque Ltd,8671,"Sporting Goods->Outdoor Recreation->Camping, Backpacking & Hiking",8002,
PN33128,Lifemarque Ltd,8990,"Sporting Goods->Outdoor Recreation->Camping, Backpacking & Hiking",1005,
PN19472,Burton McCall Ltd,9064,"Sporting Goods->Outdoor Recreation->Camping, Backpacking & Hiking",1010,
PN38582,Lifemarque Ltd,9150,"Sporting Goods->Outdoor Recreation->Camping, Backpacking & Hiking",LIFEVE,
PN33171,Lifemarque Ltd,9380,"Sporting Goods->Outdoor Recreation->Camping, Backpacking & Hiking",1014,
PN33092,Lifemarque Ltd,9515,"Sporting Goods->Outdoor Recreation->Camping, Backpacking & Hiking",5006,
PN70733,Lifemarque Ltd,9517,"Sporting Goods->Outdoor Recreation->Camping, Backpacking & Hiking",16007,
PN33093,Lifemarque Ltd,9518,"Sporting Goods->Outdoor Recreation->Camping, Backpacking & Hiking",5006,
PN38587,Lifemarque Ltd,9519,"Sporting Goods->Outdoor Recreation->Camping, Backpacking & Hiking",LIFEVE,
PN38590,Lifemarque Ltd,9523,"Sporting Goods->Outdoor Recreation->Camping, Backpacking & Hiking",LIFEVE,
PN33089,Lifemarque Ltd,9535,"Sporting Goods->Outdoor Recreation->Camping, Backpacking & Hiking",16007,
PN39502,Lifemarque Ltd,9550,"Sporting Goods->Outdoor Recreation->Camping, Backpacking & Hiking",5006,
PN33168,Lifemarque Ltd,9630,"Sporting Goods->Outdoor Recreation->Camping, Backpacking & Hiking",LIFEVE,
PN33169,Lifemarque Ltd,9660,"Sporting Goods->Outdoor Recreation->Camping, Backpacking & Hiking",1014,
PN33091,Lifemarque Ltd,9670,"Sporting Goods->Outdoor Recreation->Camping, Backpacking & Hiking",LIFEVE,
PN33170,Lifemarque Ltd,9690,"Sporting Goods->Outdoor Recreation->Camping, Backpacking & Hiking",LIFEVE,
PN33114,Lifemarque Ltd,9700,"Sporting Goods->Outdoor Recreation->Camping, Backpacking & Hiking",LIFEVE,
PN33052,Lifemarque Ltd,9714,"Sporting Goods->Outdoor Recreation->Camping, Backpacking & Hiking",LIFEVE,
PN33077,Lifemarque Ltd,9831,"Sporting Goods->Outdoor Recreation->Camping, Backpacking & Hiking",13003,
PN79061,Lifemarque Ltd,9842,"Sporting Goods->Outdoor Recreation->Camping, Backpacking & Hiking",LIFEVE,
PN33087,Lifemarque Ltd,9970,"Sporting Goods->Outdoor Recreation->Camping, Backpacking & Hiking",LIFEVE,
PN33088,Lifemarque Ltd,9981,"Sporting Goods->Outdoor Recreation->Camping, Backpacking & Hiking",5006,
PN79138,Dalesman Int Ltd,10203,"Sporting Goods->Outdoor Recreation->Camping, Backpacking & Hiking->Tent Accessories",CLEAR14,
PN4167,Black Diamond Equipment Ltd,11409,Sporting Goods->Outdoor Recreation->Climbing->Rock Climbing,BD8,
PN30931,Cascade Designs Ltd,11776,"Sporting Goods->Outdoor Recreation->Camping, Backpacking & Hiking->Camping Cookware & Dinnerware",MSR,
PN30965,Cascade Designs Ltd,11794,"Sporting Goods->Outdoor Recreation->Camping, Backpacking & Hiking->Camping Cookware & Dinnerware",MSR,
PN30966,Cascade Designs Ltd,11796,"Sporting Goods->Outdoor Recreation->Camping, Backpacking & Hiking->Camping Cookware & Dinnerware",MSR,
PN30935,Cascade Designs Ltd,11810,"Sporting Goods->Outdoor Recreation->Camping, Backpacking & Hiking->Camping Cookware & Dinnerware",5001,
PN30964,Cascade Designs Ltd,11812,"Sporting Goods->Outdoor Recreation->Camping, Backpacking & Hiking->Camping Cookware & Dinnerware",5001,
PN30937,Cascade Designs Ltd,11816,"Sporting Goods->Outdoor Recreation->Camping, Backpacking & Hiking->Camping Cookware & Dinnerware",MSR,
PN8743,Cascade Designs Ltd,13000,"Sporting Goods->Outdoor Recreation->Camping, Backpacking & Hiking->Camping Cookware & Dinnerware",MSR,
PN39611,Burton McCall Ltd,20022,"Sporting Goods->Outdoor Recreation->Camping, Backpacking & Hiking",15001,
PN10050,Lifemarque Ltd,20210,"Sporting Goods->Outdoor Recreation->Camping, Backpacking & Hiking",LIFESY,
PN60426,Cascade Designs Ltd,21610,"Sporting Goods->Outdoor Recreation->Camping, Backpacking & Hiking->Camping Cookware & Dinnerware",MSR,
PN57196,Cascade Designs Ltd,21616,"Sporting Goods->Outdoor Recreation->Camping, Backpacking & Hiking->Camping Cookware & Dinnerware",MSR,
PN57192,Cascade Designs Ltd,21720,"Sporting Goods->Outdoor Recreation->Camping, Backpacking & Hiking->Camping Cookware & Dinnerware",5002,
PN57191,Cascade Designs Ltd,21721,"Sporting Goods->Outdoor Recreation->Camping, Backpacking & Hiking->Camping Cookware & Dinnerware",5002,
PN57197,Cascade Designs Ltd,21722,"Sporting Goods->Outdoor Recreation->Camping, Backpacking & Hiking->Camping Cookware & Dinnerware",MSR,
PN31466,The Mountain Boot Co Ltd,24100,Sporting Goods->Outdoor Recreation->Climbing->Ice Climbing,9001,
PN31464,The Mountain Boot Co Ltd,24500,Sporting Goods->Outdoor Recreation->Climbing->Ice Climbing,GRIVEL,
PN19448,Cascade Designs Ltd,29129,"Sporting Goods->Outdoor Recreation->Camping, Backpacking & Hiking->Camping Cookware & Dinnerware",5004,
PN90008,Lifemarque Ltd,34110,"Sporting Goods->Outdoor Recreation->Camping, Backpacking & Hiking",1009,
PN31048,Cascade Designs Ltd,35244,Sporting Goods->Winter Sports->Snowshoeing->Snowshoes,9009,
PN30533,Silva (UK) Ltd,35692,"Sporting Goods->Outdoor Recreation->Camping, Backpacking & Hiking",16007,
PN30542,Silva (UK) Ltd,37163,"Sporting Goods->Outdoor Recreation->Camping, Backpacking & Hiking",SILVA,
PN33084,Lifemarque Ltd,42130,"Sporting Goods->Outdoor Recreation->Camping, Backpacking & Hiking",LIFESY,
PN57615,Lifemarque Ltd,44010,"Sporting Goods->Outdoor Recreation->Camping, Backpacking & Hiking",LIFESY,
PN57614,Lifemarque Ltd,44020,"Sporting Goods->Outdoor Recreation->Camping, Backpacking & Hiking",1019,
PN8773,Cascade Designs Ltd,56002,"Sporting Goods->Outdoor Recreation->Camping, Backpacking & Hiking->Portable Water Filters & Purifiers",1019,
PN4491,Silva (UK) Ltd,56046,"Sporting Goods->Outdoor Recreation->Camping, Backpacking & Hiking",1013,
PN4493,Silva (UK) Ltd,56088,"Sporting Goods->Outdoor Recreation->Camping, Backpacking & Hiking",SILVA,
PN8769,Cascade Designs Ltd,56501,"Sporting Goods->Outdoor Recreation->Camping, Backpacking & Hiking->Portable Water Filters & Purifiers",MSR,
PN8755,Cascade Designs Ltd,57053,"Sporting Goods->Outdoor Recreation->Camping, Backpacking & Hiking->Portable Water Filters & Purifiers",15001,
PN8765,Cascade Designs Ltd,57054,"Sporting Goods->Outdoor Recreation->Camping, Backpacking & Hiking->Portable Water Filters & Purifiers",15001,
PN33164,Lifemarque Ltd,62080,"Sporting Goods->Outdoor Recreation->Camping, Backpacking & Hiking",1014,
PN57129,Lifemarque Ltd,63110,"Sporting Goods->Outdoor Recreation->Camping, Backpacking & Hiking",LIFEVE,
PN57130,Lifemarque Ltd,63120,"Sporting Goods->Outdoor Recreation->Camping, Backpacking & Hiking",LIFEVE,
PN90016,Lifemarque Ltd,65130,"Sporting Goods->Outdoor Recreation->Camping, Backpacking & Hiking",13003,
PN900017,Lifemarque Ltd,65140,"Sporting Goods->Outdoor Recreation->Camping, Backpacking & Hiking",13003,
PN57131,Lifemarque Ltd,65220,"Sporting Goods->Outdoor Recreation->Camping, Backpacking & Hiking",13003,
PN57132,Lifemarque Ltd,65230,"Sporting Goods->Outdoor Recreation->Camping, Backpacking & Hiking",LIFEVE,
PN57212,Cascade Designs Ltd,69238,Sporting Goods->Winter Sports->Snowshoeing->Snowshoes,MSR,
PN57136,Lifemarque Ltd,71010,"Sporting Goods->Outdoor Recreation->Camping, Backpacking & Hiking",LIFEVE,
PN57137,Lifemarque Ltd,71020,"Sporting Goods->Outdoor Recreation->Camping, Backpacking & Hiking",1015,
PN57138,Lifemarque Ltd,71030,"Sporting Goods->Outdoor Recreation->Camping, Backpacking & Hiking",16007,
PN33019,Lifemarque Ltd,71040,"Sporting Goods->Outdoor Recreation->Camping, Backpacking & Hiking",1015,
PN57139,Lifemarque Ltd,71050,"Sporting Goods->Outdoor Recreation->Camping, Backpacking & Hiking",LIFEVE,
PN33096,Lifemarque Ltd,74020,"Sporting Goods->Outdoor Recreation->Camping, Backpacking & Hiking",5006,
PN90020,Lifemarque Ltd,74510,"Sporting Goods->Outdoor Recreation->Camping, Backpacking & Hiking",LIFEVE,
PN90021,Lifemarque Ltd,74520,"Sporting Goods->Outdoor Recreation->Camping, Backpacking & Hiking",1006,
PN31098,Black Diamond Equipment Ltd,102175,Sporting Goods->Outdoor Recreation->Climbing->Rock Climbing,BLACK,
PN84059,Black Diamond Equipment Ltd,102176,Sporting Goods->Outdoor Recreation->Climbing->Rock Climbing,BD2,
PN84061,Black Diamond Equipment Ltd,102179,Sporting Goods->Outdoor Recreation->Climbing->Rock Climbing,BD3,
PN31096,Black Diamond Equipment Ltd,102180,Sporting Goods->Outdoor Recreation->Climbing->Rock Climbing,BLACK,
PN20299,Black Diamond Equipment Ltd,109094,Sporting Goods->Outdoor Recreation->Climbing->Rock Climbing,BLACK,
PN31012,Black Diamond Equipment Ltd,110552,Sporting Goods->Outdoor Recreation->Climbing->Rock Climbing,BD3,
PN70625,Black Diamond Equipment Ltd,110553,Sporting Goods->Outdoor Recreation->Climbing->Rock Climbing,1017,
PN5319,Black Diamond Equipment Ltd,110554,Sporting Goods->Outdoor Recreation->Climbing->Rock Climbing,18002,
PN8552,Black Diamond Equipment Ltd,112067,Sporting Goods->Outdoor Recreation->Climbing->Rock Climbing,1017,
PN31014,Black Diamond Equipment Ltd,112069,Sporting Goods->Outdoor Recreation->Climbing->Rock Climbing,BLACK,
PN31015,Black Diamond Equipment Ltd,112082,Sporting Goods->Outdoor Recreation->Climbing->Rock Climbing,BD8,
PN8553,Black Diamond Equipment Ltd,112084,Sporting Goods->Outdoor Recreation->Climbing->Rock Climbing,BD8,
PN4160,Black Diamond Equipment Ltd,112096,Sporting Goods->Outdoor Recreation->Climbing->Rock Climbing,BLACK,
PN7824,Black Diamond Equipment Ltd,112126,Sporting Goods->Outdoor Recreation->Climbing->Rock Climbing,BD8,
PN6826,Black Diamond Equipment Ltd,112127,Sporting Goods->Outdoor Recreation->Climbing->Rock Climbing,1017,
PN8543,Black Diamond Equipment Ltd,112141,Sporting Goods->Outdoor Recreation->Climbing->Rock Climbing,1017,
PN8545,Black Diamond Equipment Ltd,112149,Sporting Goods->Outdoor Recreation->Climbing->Rock Climbing,BD8,
PN8546,Black Diamond Equipment Ltd,112151,Sporting Goods->Outdoor Recreation->Climbing->Rock Climbing,1017,
PN4161,Black Diamond Equipment Ltd,112154,Sporting Goods->Outdoor Recreation->Climbing->Rock Climbing,1017,
PN8548,Black Diamond Equipment Ltd,112154,Sporting Goods->Outdoor Recreation->Climbing->Rock Climbing,1017,
PN8549,Black Diamond Equipment Ltd,112155,Sporting Goods->Outdoor Recreation->Climbing->Rock Climbing,BD8,
PN8550,Black Diamond Equipment Ltd,112156,Sporting Goods->Outdoor Recreation->Climbing->Rock Climbing,1017,
PN8551,Black Diamond Equipment Ltd,112158,Sporting Goods->Outdoor Recreation->Climbing->Rock Climbing,BD8,
PN5314,Black Diamond Equipment Ltd,163508,Sporting Goods->Outdoor Recreation->Climbing->Rock Climbing,18001,
PN8511,Black Diamond Equipment Ltd,210134,Sporting Goods->Outdoor Recreation->Climbing->Rock Climbing,4008,
PN56939,Black Diamond Equipment Ltd,210250,Sporting Goods->Outdoor Recreation->Climbing->Rock Climbing,4008,
PN5326,Black Diamond Equipment Ltd,210251,Sporting Goods->Outdoor Recreation->Climbing->Rock Climbing,BLACK,
PN5327,Black Diamond Equipment Ltd,210254,Sporting Goods->Outdoor Recreation->Climbing->Rock Climbing,15004,
PN90049,Black Diamond Equipment Ltd,210257,Sporting Goods->Outdoor Recreation->Climbing->Rock Climbing,4008,
PN90050,Black Diamond Equipment Ltd,210271,Sporting Goods->Outdoor Recreation->Climbing->Rock Climbing,BLACK,
PN6830,Black Diamond Equipment Ltd,210287,Sporting Goods->Outdoor Recreation->Climbing->Rock Climbing,4008,
PN8519,Black Diamond Equipment Ltd,220215,Sporting Goods->Outdoor Recreation->Climbing->Rock Climbing,4009,
PN8517,Black Diamond Equipment Ltd,224410,Sporting Goods->Outdoor Recreation->Climbing->Rock Climbing,BD1,
PN8515,Black Diamond Equipment Ltd,225120,Sporting Goods->Outdoor Recreation->Climbing->Rock Climbing,BD1,
PN8516,Black Diamond Equipment Ltd,225121,Sporting Goods->Outdoor Recreation->Climbing->Rock Climbing,BD1,
PN30967,Cascade Designs Ltd,321003,"Sporting Goods->Outdoor Recreation->Camping, Backpacking & Hiking->Camping Cookware & Dinnerware",5001,
PN19450,Cascade Designs Ltd,321104,"Sporting Goods->Outdoor Recreation->Camping, Backpacking & Hiking->Camping Cookware & Dinnerware",MSR,
PN8744,Cascade Designs Ltd,321105,"Sporting Goods->Outdoor Recreation->Camping, Backpacking & Hiking->Camping Cookware & Dinnerware",5001,
PN60425,Cascade Designs Ltd,321118,"Sporting Goods->Outdoor Recreation->Camping, Backpacking & Hiking->Camping Cookware & Dinnerware",5002,
PN30942,Cascade Designs Ltd,321158,"Sporting Goods->Outdoor Recreation->Camping, Backpacking & Hiking->Camping Cookware & Dinnerware",MSR,
PN19453,Cascade Designs Ltd,321182,"Sporting Goods->Outdoor Recreation->Camping, Backpacking & Hiking->Camping Cookware & Dinnerware",MSR,
PN31086,Black Diamond Equipment Ltd,359996,Sporting Goods->Outdoor Recreation->Climbing->Rock Climbing,4011,
PN20304,Black Diamond Equipment Ltd,381045,Sporting Goods->Outdoor Recreation->Climbing->Rock Climbing,BLACK,
PN8513,Black Diamond Equipment Ltd,381066,Sporting Goods->Outdoor Recreation->Climbing->Rock Climbing,BD1,
PN8510,Black Diamond Equipment Ltd,381072,Sporting Goods->Outdoor Recreation->Climbing->Rock Climbing,BD1,
PN31075,Black Diamond Equipment Ltd,390011,Sporting Goods->Outdoor Recreation->Climbing->Rock Climbing,BD1,
PN31076,Black Diamond Equipment Ltd,390012,Sporting Goods->Outdoor Recreation->Climbing->Rock Climbing,BD1,
PN65081,Black Diamond Equipment Ltd,400032,Sporting Goods->Outdoor Recreation->Climbing->Rock Climbing,BD2,
PN65082,Black Diamond Equipment Ltd,400033,Sporting Goods->Outdoor Recreation->Climbing->Rock Climbing,BLACK,
PN65083,Black Diamond Equipment Ltd,400038,Sporting Goods->Outdoor Recreation->Climbing->Rock Climbing,9004,
PN31034,Black Diamond Equipment Ltd,400100,Sporting Goods->Outdoor Recreation->Climbing->Rock Climbing,BLACK,
PN31037,Black Diamond Equipment Ltd,400670,Sporting Goods->Outdoor Recreation->Climbing->Rock Climbing,BLACK,
PN65077,Black Diamond Equipment Ltd,411147,Sporting Goods->Outdoor Recreation->Climbing->Rock Climbing,9006,
PN65088,Black Diamond Equipment Ltd,411148,Sporting Goods->Outdoor Recreation->Climbing->Rock Climbing,9007,
PN90051,Black Diamond Equipment Ltd,411149,Sporting Goods->Outdoor Recreation->Climbing->Rock Climbing,BLACK,
PN65080,Black Diamond Equipment Ltd,413000,Sporting Goods->Outdoor Recreation->Climbing->Rock Climbing,BD2,
PN70618,Black Diamond Equipment Ltd,413002,Sporting Goods->Outdoor Recreation->Climbing->Rock Climbing,9001,
PN467,Cascade Designs Ltd,418823,"Sporting Goods->Outdoor Recreation->Camping, Backpacking & Hiking->Tent Accessories",MSR,
PN57623,Cascade Designs Ltd,469056,Sporting Goods->Winter Sports->Snowshoeing->Snowshoes,9009,
PN31066,Black Diamond Equipment Ltd,490051,Sporting Goods->Outdoor Recreation->Climbing->Rock Climbing,BLACK,
PN31065,Black Diamond Equipment Ltd,490101,Sporting Goods->Outdoor Recreation->Climbing->Rock Climbing,BD2,
PN65072,Black Diamond Equipment Ltd,490213,Sporting Goods->Outdoor Recreation->Climbing->Rock Climbing,BD2,
PN65073,Black Diamond Equipment Ltd,490216,Sporting Goods->Outdoor Recreation->Climbing->Rock Climbing,BLACK,
PN65074,Black Diamond Equipment Ltd,490219,Sporting Goods->Outdoor Recreation->Climbing->Rock Climbing,9003,
PN65075,Black Diamond Equipment Ltd,490222,Sporting Goods->Outdoor Recreation->Climbing->Rock Climbing,BLACK,
PN7826,Black Diamond Equipment Ltd,520230,Sporting Goods->Outdoor Recreation->Climbing->Rock Climbing,4002,
PN7827,Black Diamond Equipment Ltd,520240,Sporting Goods->Outdoor Recreation->Climbing->Rock Climbing,BD2,
PN7828,Black Diamond Equipment Ltd,520310,Sporting Goods->Outdoor Recreation->Climbing->Rock Climbing,4002,
PN7829,Black Diamond Equipment Ltd,520320,Sporting Goods->Outdoor Recreation->Climbing->Rock Climbing,BD2,
PN7830,Black Diamond Equipment Ltd,520330,Sporting Goods->Outdoor Recreation->Climbing->Rock Climbing,4002,
PN7831,Black Diamond Equipment Ltd,520340,Sporting Goods->Outdoor Recreation->Climbing->Rock Climbing,9007,
PN7833,Black Diamond Equipment Ltd,520720,Sporting Goods->Outdoor Recreation->Climbing->Rock Climbing,BD2,
PN7834,Black Diamond Equipment Ltd,520730,Sporting Goods->Outdoor Recreation->Climbing->Rock Climbing,4009,
PN7835,Black Diamond Equipment Ltd,520740,Sporting Goods->Outdoor Recreation->Climbing->Rock Climbing,4002,
PN6842,Black Diamond Equipment Ltd,550493,Sporting Goods->Outdoor Recreation->Climbing->Rock Climbing,4016,
PN6845,Black Diamond Equipment Ltd,550495,Sporting Goods->Outdoor Recreation->Climbing->Rock Climbing,BLACK,
PN6846,Black Diamond Equipment Ltd,550496,Sporting Goods->Outdoor Recreation->Climbing->Rock Climbing,4016,
PN6843,Black Diamond Equipment Ltd,550502,Sporting Goods->Outdoor Recreation->Climbing->Rock Climbing,4016,
PN6844,Black Diamond Equipment Ltd,550503,Sporting Goods->Outdoor Recreation->Climbing->Rock Climbing,BLACK,
PN6847,Black Diamond Equipment Ltd,550504,Sporting Goods->Outdoor Recreation->Climbing->Rock Climbing,4016,
PN8532,Black Diamond Equipment Ltd,550807,Sporting Goods->Outdoor Recreation->Climbing->Rock Climbing,4018,
PN8534,Black Diamond Equipment Ltd,550830,Sporting Goods->Outdoor Recreation->Climbing->Rock Climbing,BD1,
PN31028,Black Diamond Equipment Ltd,620045,Sporting Goods->Outdoor Recreation->Climbing->Rock Climbing,4004,
PN31029,Black Diamond Equipment Ltd,620050,Sporting Goods->Outdoor Recreation->Climbing->Rock Climbing,4004,
PN31031,Black Diamond Equipment Ltd,620051,Sporting Goods->Outdoor Recreation->Climbing->Rock Climbing,4004,
PN5328,Black Diamond Equipment Ltd,620052,Sporting Goods->Outdoor Recreation->Climbing->Rock Climbing,BD1,
PN4150,Black Diamond Equipment Ltd,620059,Sporting Goods->Outdoor Recreation->Climbing->Rock Climbing,BD1,
PN8518,Black Diamond Equipment Ltd,620060,Sporting Goods->Outdoor Recreation->Climbing->Rock Climbing,BD1,
PN56983,Black Diamond Equipment Ltd,620105,Sporting Goods->Outdoor Recreation->Climbing->Rock Climbing,BD1,
PN4157,Black Diamond Equipment Ltd,620574,Sporting Goods->Outdoor Recreation->Climbing->Rock Climbing,22004,
PN4156,Black Diamond Equipment Ltd,620599,Sporting Goods->Outdoor Recreation->Climbing->Rock Climbing,BLACK,
PN8560,Black Diamond Equipment Ltd,620608,Sporting Goods->Outdoor Recreation->Climbing->Rock Climbing,BD6,
PN20311,Black Diamond Equipment Ltd,630105,Sporting Goods->Outdoor Recreation->Climbing->Rock Climbing,BD1,
PN20312,Black Diamond Equipment Ltd,630110,Sporting Goods->Outdoor Recreation->Climbing->Rock Climbing,BD1,
PN65089,Black Diamond Equipment Ltd,800200,Sporting Goods->Outdoor Recreation->Climbing->Rock Climbing,BLACK,
PN65090,Black Diamond Equipment Ltd,800205,Sporting Goods->Outdoor Recreation->Climbing->Rock Climbing,BLACK,
PN19470,Burton McCall Ltd,885300,"Sporting Goods->Outdoor Recreation->Camping, Backpacking & Hiking",1010,
PN31451,The Mountain Boot Co Ltd,097 17,Sporting Goods->Outdoor Recreation->Climbing->Ice Climbing,GRIVEL,
PN31452,The Mountain Boot Co Ltd,097 18,Sporting Goods->Outdoor Recreation->Climbing->Ice Climbing,9001,
PN90197,Wild Country Ltd,11HELIF000,Sporting Goods->Outdoor Recreation->Climbing->Rock Climbing,4009,
PN90198,Wild Country Ltd,11HELIF005,Sporting Goods->Outdoor Recreation->Climbing->Rock Climbing,WILDCL,
PN90199,Wild Country Ltd,11HELIF010,Sporting Goods->Outdoor Recreation->Climbing->Rock Climbing,4009,
PN90200,Wild Country Ltd,11HELIF015,Sporting Goods->Outdoor Recreation->Climbing->Rock Climbing,4009,
PN90201,Wild Country Ltd,11HELIF020,Sporting Goods->Outdoor Recreation->Climbing->Rock Climbing,4009,
PN90202,Wild Country Ltd,11HELIF025,Sporting Goods->Outdoor Recreation->Climbing->Rock Climbing,WILDCL,
PN90203,Wild Country Ltd,11HELIF030,Sporting Goods->Outdoor Recreation->Climbing->Rock Climbing,4009,
PN31508,Wild Country Ltd,12RCDASET,Sporting Goods->Outdoor Recreation->Climbing->Rock Climbing,4009,
PN10040,Burton McCall Ltd,1361371NP,"Sporting Goods->Outdoor Recreation->Camping, Backpacking & Hiking",1010,
PN19469,Burton McCall Ltd,1370330NP,"Sporting Goods->Outdoor Recreation->Camping, Backpacking & Hiking",1010,
PN20495,Wild Country Ltd,14PROGUIDE,Sporting Goods->Outdoor Recreation->Climbing->Rock Climbing,WILDCL,
PN20496,Wild Country Ltd,14PROGUIDESET,Sporting Goods->Outdoor Recreation->Climbing->Rock Climbing,WILDCL,
PN31539,Wild Country Ltd,14VCPRO,Sporting Goods->Outdoor Recreation->Climbing->Rock Climbing,WILDCL,
PN79098,Black Diamond Equipment Ltd,163 630,Sporting Goods->Outdoor Recreation->Climbing->Rock Climbing,BLACK,
PN8800,Allcord Limited,202 00 ORANGE,Sporting Goods->Outdoor Recreation->Climbing->Rock Climbing->Climbing Helmets,4007,
PN20561,Silva (UK) Ltd,22-31-000699,"Sporting Goods->Outdoor Recreation->Camping, Backpacking & Hiking",1020,
PN20559,Silva (UK) Ltd,22-31-000749,"Sporting Goods->Outdoor Recreation->Camping, Backpacking & Hiking",GERBER,
PN20560,Silva (UK) Ltd,22-31-000750,"Sporting Goods->Outdoor Recreation->Camping, Backpacking & Hiking",1010,
PN20549,Silva (UK) Ltd,22-31-000919,"Sporting Goods->Outdoor Recreation->Camping, Backpacking & Hiking",1010,
PN31523,Wild Country Ltd,22DCD,Sporting Goods->Outdoor Recreation->Climbing->Rock Climbing,4013,
PN19576,Meindl UK Ltd,25022002-00,"Sporting Goods->Outdoor Recreation->Camping, Backpacking & Hiking",1008,
PN516,DMM International Ltd,25RSDLL-19,Sporting Goods->Outdoor Recreation->Climbing->Rock Climbing,4013,
PN9143,Ardblair Sports Importers Ltd,3 640 000 03,"Sporting Goods->Outdoor Recreation->Camping, Backpacking & Hiking->Hiking Poles",LEKI,
PN39511,Rosker Ltd,3214 83,"Sporting Goods->Outdoor Recreation->Camping, Backpacking & Hiking",PRIMUS,
PN30536,Silva (UK) Ltd,36818-8811,"Sporting Goods->Outdoor Recreation->Camping, Backpacking & Hiking",1004,
PN19456,Silva (UK) Ltd,36985-6001,"Sporting Goods->Outdoor Recreation->Camping, Backpacking & Hiking",1004,
PN19455,Silva (UK) Ltd,36989-9001,"Sporting Goods->Outdoor Recreation->Camping, Backpacking & Hiking",1004,
PN79068,Black Diamond Equipment Ltd,390 050,Sporting Goods->Outdoor Recreation->Climbing->Rock Climbing,BD1,
PN31067,Black Diamond Equipment Ltd,400 155,Sporting Goods->Outdoor Recreation->Climbing->Rock Climbing,BLACK,
PN79057,Black Diamond Equipment Ltd,400 674,Sporting Goods->Outdoor Recreation->Climbing->Rock Climbing,BLACK,
PN31093,Black Diamond Equipment Ltd,411 145,Sporting Goods->Outdoor Recreation->Climbing->Rock Climbing,BLACK,
PN90217,Black Diamond Equipment Ltd,413 001,Sporting Goods->Outdoor Recreation->Climbing->Rock Climbing,BLACK,
PN11030,Terra Nova Equip Ltd,44TR3,"Sporting Goods->Outdoor Recreation->Camping, Backpacking & Hiking->Tents",16001,
PN57360,Nikwax,4A2P12,"Sporting Goods->Outdoor Recreation->Camping, Backpacking & Hiking",NIKWAX,
PN57359,Nikwax,4AOP12,"Sporting Goods->Outdoor Recreation->Camping, Backpacking & Hiking",8001,
PN35035,Terra Nova Equip Ltd,50HSGP,"Sporting Goods->Outdoor Recreation->Camping, Backpacking & Hiking->Tent Accessories",TERRA,
PN70598,Terra Nova Equip Ltd,50PEG100,"Sporting Goods->Outdoor Recreation->Camping, Backpacking & Hiking->Tent Accessories",TERRA,
PN35042,Terra Nova Equip Ltd,50TSGTHK,"Sporting Goods->Outdoor Recreation->Camping, Backpacking & Hiking->Tent Accessories",14001,
PN11031,Terra Nova Equip Ltd,51TR3FP,"Sporting Goods->Outdoor Recreation->Camping, Backpacking & Hiking->Tent Accessories",WILDTE,
PN35053,Terra Nova Equip Ltd,53B2,"Sporting Goods->Outdoor Recreation->Camping, Backpacking & Hiking->Tent Accessories",14004,
PN35054,Terra Nova Equip Ltd,53B4,"Sporting Goods->Outdoor Recreation->Camping, Backpacking & Hiking->Tent Accessories",TERRA,
PN39606,Silva (UK) Ltd,55068-1,"Sporting Goods->Outdoor Recreation->Camping, Backpacking & Hiking",SILVA,
PN4821,Terra Nova Equip Ltd,56Q45,Luggage & Bags->Backpacks,8004,
PN31069,Black Diamond Equipment Ltd,620 065,Sporting Goods->Outdoor Recreation->Climbing->Rock Climbing,4002,
PN9142,Ardblair Sports Importers Ltd,631-2119,"Sporting Goods->Outdoor Recreation->Camping, Backpacking & Hiking->Hiking Poles",1017,
PN19207,Ardblair Sports Importers Ltd,633-2081,"Sporting Goods->Outdoor Recreation->Camping, Backpacking & Hiking->Hiking Poles",1017,
PN19214,Ardblair Sports Importers Ltd,633-2082,"Sporting Goods->Outdoor Recreation->Camping, Backpacking & Hiking->Hiking Poles",LEKI,
PN19221,Ardblair Sports Importers Ltd,633-2616,"Sporting Goods->Outdoor Recreation->Camping, Backpacking & Hiking->Hiking Poles",1017,
PN19218,Ardblair Sports Importers Ltd,633-2634,"Sporting Goods->Outdoor Recreation->Camping, Backpacking & Hiking->Hiking Poles",1017,
PN9141,Ardblair Sports Importers Ltd,634-2021,"Sporting Goods->Outdoor Recreation->Camping, Backpacking & Hiking->Hiking Poles",LEKI,
PN9137,Ardblair Sports Importers Ltd,634-2077,"Sporting Goods->Outdoor Recreation->Camping, Backpacking & Hiking->Hiking Poles",LEKI,
PN9140,Ardblair Sports Importers Ltd,634-2136,"Sporting Goods->Outdoor Recreation->Camping, Backpacking & Hiking->Hiking Poles",LEKI,
PN9139,Ardblair Sports Importers Ltd,634-2188,"Sporting Goods->Outdoor Recreation->Camping, Backpacking & Hiking->Hiking Poles",1017,
PN9144,Ardblair Sports Importers Ltd,634-2622,"Sporting Goods->Outdoor Recreation->Camping, Backpacking & Hiking->Hiking Poles",1017,
PN9138,Ardblair Sports Importers Ltd,637-2051,"Sporting Goods->Outdoor Recreation->Camping, Backpacking & Hiking->Hiking Poles",1017,
PN444,Ardblair Sports Importers Ltd,637-2075,"Sporting Goods->Outdoor Recreation->Camping, Backpacking & Hiking->Hiking Poles",1017,
PN57363,Nikwax,731P12,"Sporting Goods->Outdoor Recreation->Camping, Backpacking & Hiking",6010,
PN57362,Nikwax,741P12,"Sporting Goods->Outdoor Recreation->Camping, Backpacking & Hiking",NIKWAX,
PN57361,Nikwax,751P12,"Sporting Goods->Outdoor Recreation->Camping, Backpacking & Hiking",6010,
PN34546,Ardblair Sports Importers Ltd,8 565 001 03,"Sporting Goods->Outdoor Recreation->Camping, Backpacking & Hiking->Hiking Poles",LEKI,
PN34545,Ardblair Sports Importers Ltd,8 575 001 03,"Sporting Goods->Outdoor Recreation->Camping, Backpacking & Hiking->Hiking Poles",1017,
PN177,Ardblair Sports Importers Ltd,8 818 001 03,"Sporting Goods->Outdoor Recreation->Camping, Backpacking & Hiking->Hiking Poles",1017,
PN34550,Ardblair Sports Importers Ltd,8 821 104,"Sporting Goods->Outdoor Recreation->Camping, Backpacking & Hiking->Hiking Poles",LEKI,
PN30482,Nikwax,821 P12,"Sporting Goods->Outdoor Recreation->Camping, Backpacking & Hiking",6010,
PN30483,Nikwax,861 P12,"Sporting Goods->Outdoor Recreation->Camping, Backpacking & Hiking",NIKWAX,
PN4517,DMM International Ltd,A0246,Sporting Goods->Outdoor Recreation->Climbing->Rock Climbing,9006,
PN4513,DMM International Ltd,A0271,Sporting Goods->Outdoor Recreation->Climbing->Rock Climbing,DMM,
PN4511,DMM International Ltd,A0281,Sporting Goods->Outdoor Recreation->Climbing->Rock Climbing,9006,
PN4512,DMM International Ltd,A0282,Sporting Goods->Outdoor Recreation->Climbing->Rock Climbing,DMM,
PN84177,DMM International Ltd,A1100,Sporting Goods->Outdoor Recreation->Climbing->Rock Climbing,DMM,
PN84175,DMM International Ltd,A1150,Sporting Goods->Outdoor Recreation->Climbing->Rock Climbing,DMM,
PN30114,DMM International Ltd,A1300,Sporting Goods->Outdoor Recreation->Climbing->Rock Climbing,DMM,
PN30115,DMM International Ltd,A1511/15A,Sporting Goods->Outdoor Recreation->Climbing->Rock Climbing,4009,
PN30116,DMM International Ltd,A1600/59A,Sporting Goods->Outdoor Recreation->Climbing->Rock Climbing,DMM,
PN336,DMM International Ltd,A221,Sporting Goods->Outdoor Recreation->Climbing->Rock Climbing,DMM,
PN5543,DMM International Ltd,A221BLK,Sporting Goods->Outdoor Recreation->Climbing->Rock Climbing,DMM,
PN337,DMM International Ltd,A226,Sporting Goods->Outdoor Recreation->Climbing->Rock Climbing,4008,
PN5544,DMM International Ltd,A226BLK,Sporting Goods->Outdoor Recreation->Climbing->Rock Climbing,4008,
PN30094,DMM International Ltd,A238,Sporting Goods->Outdoor Recreation->Climbing->Rock Climbing,4008,
PN38447,DMM International Ltd,A318-P5,Sporting Goods->Outdoor Recreation->Climbing->Rock Climbing,DMM,
PN38446,DMM International Ltd,A322,Sporting Goods->Outdoor Recreation->Climbing->Rock Climbing,DMM,
PN4548,DMM International Ltd,A322-P3,Sporting Goods->Outdoor Recreation->Climbing->Rock Climbing,DMM,
PN436,DMM International Ltd,A332,Sporting Goods->Outdoor Recreation->Climbing->Rock Climbing,4008,
PN70572,DMM International Ltd,A358,Sporting Goods->Outdoor Recreation->Climbing->Rock Climbing,DMM,
PN70575,DMM International Ltd,A358-12,Sporting Goods->Outdoor Recreation->Climbing->Rock Climbing,DMM,
PN11036,DMM International Ltd,A508-P5COL,Sporting Goods->Outdoor Recreation->Climbing->Rock Climbing,4008,
PN11034,DMM International Ltd,A526-25,Sporting Goods->Outdoor Recreation->Climbing->Rock Climbing,DMM,
PN19373,DMM International Ltd,A897,Sporting Goods->Outdoor Recreation->Climbing->Rock Climbing,DMM,
PN4547,DMM International Ltd,A902-P3,Sporting Goods->Outdoor Recreation->Climbing->Rock Climbing,4008,
PN57163,Burton McCall Ltd,ACUTALSET3,"Sporting Goods->Outdoor Recreation->Camping, Backpacking & Hiking",5006,
PN20527,AMG Group Ltd (Vango),ACXFOOD 033006,"Sporting Goods->Outdoor Recreation->Camping, Backpacking & Hiking->Freeze-Dried Food",50033,
PN20529,AMG Group Ltd (Vango),ACXFOOD 039006,"Sporting Goods->Outdoor Recreation->Camping, Backpacking & Hiking->Freeze-Dried Food",50033,
PN20547,AMG Group Ltd (Vango),ACXFOOD 03J006,"Sporting Goods->Outdoor Recreation->Camping, Backpacking & Hiking->Freeze-Dried Food",WAYFAR,
PN20528,AMG Group Ltd (Vango),ACXFOOD 061006,"Sporting Goods->Outdoor Recreation->Camping, Backpacking & Hiking->Freeze-Dried Food",WAYFAR,
PN361,AMG Group Ltd (Vango),ACXSCORD 3DCZ01,"Sporting Goods->Outdoor Recreation->Camping, Backpacking & Hiking->Freeze-Dried Food",8001,
PN79030,Dalesman Int Ltd,ADV01,"Sporting Goods->Outdoor Recreation->Camping, Backpacking & Hiking->Tent Accessories",CLEAR14,
PN454,Lyon Equipment Ltd,AQ668,"Sporting Goods->Outdoor Recreation->Camping, Backpacking & Hiking",AQUA,
PN37858,Equip Outdoor Tech Ltd,AS G05 NA,Clothing & Accessories->Shoe Accessories->Gaiters,150063,Navy
PN70814,Burton McCall Ltd,ASINK10,"Sporting Goods->Outdoor Recreation->Camping, Backpacking & Hiking",STS,
PN70813,Burton McCall Ltd,ASINK5,"Sporting Goods->Outdoor Recreation->Camping, Backpacking & Hiking",5006,
PN70812,Burton McCall Ltd,AUSFB10,"Sporting Goods->Outdoor Recreation->Camping, Backpacking & Hiking",5001,
PN31231,Lyon Equipment Ltd,B01,Sporting Goods->Outdoor Recreation->Climbing->Rock Climbing,PETZL,
PN57725,DMM International Ltd,BANDOLIER,Sporting Goods->Outdoor Recreation->Climbing->Rock Climbing,4013,
PN31279,Lyon Equipment Ltd,BC02.60,Sporting Goods->Outdoor Recreation->Climbing->Rock Climbing,4012,
PN31290,Lyon Equipment Ltd,BC03.60,Sporting Goods->Outdoor Recreation->Climbing->Rock Climbing,4012,
PN31280,Lyon Equipment Ltd,BC04.60,Sporting Goods->Outdoor Recreation->Climbing->Rock Climbing,BEAL,
PN31281,Lyon Equipment Ltd,BC05.60,Sporting Goods->Outdoor Recreation->Climbing->Rock Climbing,4012,
PN31283,Lyon Equipment Ltd,BC07.60,Sporting Goods->Outdoor Recreation->Climbing->Rock Climbing,BEAL,
PN206,Lyon Equipment Ltd,BC077.602D,Sporting Goods->Outdoor Recreation->Climbing->Rock Climbing,BEAL,
PN31284,Lyon Equipment Ltd,BC08.60,Sporting Goods->Outdoor Recreation->Climbing->Rock Climbing,BEAL,
PN31305,Lyon Equipment Ltd,BC086.50D,Sporting Goods->Outdoor Recreation->Climbing->Rock Climbing,BEAL,
PN31306,Lyon Equipment Ltd,BC086.60D,Sporting Goods->Outdoor Recreation->Climbing->Rock Climbing,4012,
PN31311,Lyon Equipment Ltd,BC091.50D,Sporting Goods->Outdoor Recreation->Climbing->Rock Climbing,BEAL,
PN60206,Lyon Equipment Ltd,BC097 60D,Sporting Goods->Outdoor Recreation->Climbing->Rock Climbing,4012,
PN70021,Lyon Equipment Ltd,BC097.70D,Sporting Goods->Outdoor Recreation->Climbing->Rock Climbing,BEAL,
PN134,Lyon Equipment Ltd,BC102.50D,Sporting Goods->Outdoor Recreation->Climbing->Rock Climbing,BEAL,
PN31295,Lyon Equipment Ltd,BC105.50D,Sporting Goods->Outdoor Recreation->Climbing->Rock Climbing,BEAL,
PN31292,Lyon Equipment Ltd,BC11.50,Sporting Goods->Outdoor Recreation->Climbing->Rock Climbing,4012,
PN31314,Lyon Equipment Ltd,BC11.50D,Sporting Goods->Outdoor Recreation->Climbing->Rock Climbing,4012,
PN19505,Lyon Equipment Ltd,BC11.60,Sporting Goods->Outdoor Recreation->Climbing->Rock Climbing,BEAL,
PN31294,Lyon Equipment Ltd,BCR08.30,Sporting Goods->Outdoor Recreation->Climbing->Rock Climbing,4012,
PN31286,Lyon Equipment Ltd,BCST105.200,Sporting Goods->Outdoor Recreation->Climbing->Rock Climbing,BEAL,
PN9056,Black Diamond Equipment Ltd,BD550498/0000ALL1,Sporting Goods->Outdoor Recreation->Climbing->Rock Climbing,4016,
PN9102,WHITBY & CO.,BL1,"Sporting Goods->Outdoor Recreation->Camping, Backpacking & Hiking",BIOLIT,
PN447,Lyon Equipment Ltd,BLDC75,Sporting Goods->Outdoor Recreation->Climbing->Rock Climbing,4013,
PN56704,Lyon Equipment Ltd,BLDDC40.75,Sporting Goods->Outdoor Recreation->Climbing->Rock Climbing,BEAL,
PN9103,WHITBY & CO.,BLG,"Sporting Goods->Outdoor Recreation->Camping, Backpacking & Hiking",5005,
PN9104,WHITBY & CO.,BLKP,"Sporting Goods->Outdoor Recreation->Camping, Backpacking & Hiking",5002,
PN517,DMM International Ltd,BMAT-DYNO,Sporting Goods->Outdoor Recreation->Climbing->Rock Climbing,4018,
PN31328,Lyon Equipment Ltd,BRB,Sporting Goods->Outdoor Recreation->Climbing->Rock Climbing,BEAL,
PN30109,DMM International Ltd,BRENIN,Sporting Goods->Outdoor Recreation->Climbing->Rock Climbing,DMM,
PN31287,Lyon Equipment Ltd,BST16,Sporting Goods->Outdoor Recreation->Climbing->Rock Climbing,4013,
PN213,Lyon Equipment Ltd,BXGOZ 07,"Sporting Goods->Outdoor Recreation->Camping, Backpacking & Hiking",LYON,
PN4524,DMM International Ltd,C0282,Sporting Goods->Outdoor Recreation->Climbing->Rock Climbing,9006,
PN4528,DMM International Ltd,C0286,Sporting Goods->Outdoor Recreation->Climbing->Rock Climbing,DMM,
PN4518,DMM International Ltd,C1375,Sporting Goods->Outdoor Recreation->Climbing->Rock Climbing,9007,
PN4519,DMM International Ltd,C1385,Sporting Goods->Outdoor Recreation->Climbing->Rock Climbing,DMM,
PN11074,DMM International Ltd,C412,Sporting Goods->Outdoor Recreation->Climbing->Rock Climbing,4008,
PN343327,CORDEE LTD,CA148,,15002,
PN34479,CORDEE LTD,CCA365,,2013,
PN34437,CORDEE LTD,CCE018,,2013,
PN402,CORDEE LTD,CCE204,,CORDEE,
PN70827,CORDEE LTD,CCE219,,CORDEE,
PN645,CORDEE LTD,CCE237,,2013,
PN126,CORDEE LTD,CCE284,,ROCKF,
PN70828,CORDEE LTD,CCE379,,CORDEE,
PN19508,CORDEE LTD,CCE393,,CORDEE,
PN464,CORDEE LTD,CCE427,,CORDEE,
PN34449,CORDEE LTD,CCN030,,2004,
PN34477,CORDEE LTD,CCN034,,2004,
PN34497,CORDEE LTD,CCN036,,2004,
PN19177,CORDEE LTD,CCN038,,CORDEE,
PN20562,CORDEE LTD,CCN042,,2004,
PN34404,CORDEE LTD,CCP021,,2004,
PN428,CORDEE LTD,CCP023,,2004,
PN34481,CORDEE LTD,CCP040,,2004,
PN34468,CORDEE LTD,CCP042,,2004,
PN68009,CORDEE LTD,CCP047,,CORDEE,
PN34408,CORDEE LTD,CCP050,,2004,
PN19393,Burton McCall Ltd,CCP080-AL,"Sporting Goods->Outdoor Recreation->Camping, Backpacking & Hiking",5002,
PN19392,Burton McCall Ltd,CCP080-TI,"Sporting Goods->Outdoor Recreation->Camping, Backpacking & Hiking",5002,
PN20470,Burton McCall Ltd,CCP180-SUMTI,"Sporting Goods->Outdoor Recreation->Camping, Backpacking & Hiking",5002,
PN34456,CORDEE LTD,CCS015,,2004,
PN34451,CORDEE LTD,CCW002,,CORDEE,
PN79115,CORDEE LTD,CCW040,,ROCKF,
PN100003,CORDEE LTD,CCW043,,CORDEE,
PN264,CORDEE LTD,CCW047,,2004,
PN11042,CORDEE LTD,CCW052,,CORDEE,
PN384,CORDEE LTD,CMF007,,CORDEE,
PN385,CORDEE LTD,CMF008,,2012,
PN383,CORDEE LTD,CMF035,,2012,
PN20566,CORDEE LTD,CMF621,,CORDEE,
PN34459,CORDEE LTD,CMH088,,2004,
PN57509,CORDEE LTD,CMH153,,CORDEE,
PN19091,CORDEE LTD,CMH171,,CORDEE,
PN19180,CORDEE LTD,CMH172,,2008,
PN479,CORDEE LTD,CMH192,,2008,
PN61237,CORDEE LTD,CMW511,,2012,
PN34406,CORDEE LTD,CN001,,2004,
PN69915,CORDEE LTD,CNE074,,2005,
PN100004,CORDEE LTD,CNM108,,2013,
PN19555,CORDEE LTD,CTA197,,CORDEE,
PN50551,CORDEE LTD,CTC013,,2005,
PN19510,CORDEE LTD,CTC016,,9003,
PN70825,CORDEE LTD,CTC204,,CORDEE,
PN20564,CORDEE LTD,CTC207,,2005,
PN9021,CORDEE LTD,CTC210,,ROCKF,
PN19092,CORDEE LTD,CTG022,,CORDEE,
PN34442,CORDEE LTD,CTS176,,2013,
PN69914,CORDEE LTD,CTS233,,CORDEE,
PN34388,CORDEE LTD,CTW151,,2005,
PN57619,CORDEE LTD,CWA306,,2013,
PN19088,CORDEE LTD,CWA324,,2013,
PN34306,CORDEE LTD,CWE082,,2013,
PN19502,CORDEE LTD,CWN250,,2004,
PN34396,CORDEE LTD,CXX071,,2013,
PN34424,CORDEE LTD,CXX080,,2013,
PN57731,Lyon Equipment Ltd,D02,Sporting Goods->Outdoor Recreation->Climbing->Rock Climbing,4003,
PN20541,Allcord Limited,D100TS050,Sporting Goods->Outdoor Recreation->Climbing->Rock Climbing->Climbing Rope,TENDON,
PN20542,Allcord Limited,D100TS060,Sporting Goods->Outdoor Recreation->Climbing->Rock Climbing->Climbing Rope,4012,
PN11085,"MADISON, NEW AC # R0580",EM716371,"Sporting Goods->Outdoor Recreation->Camping, Backpacking & Hiking->Hiking Poles",EASTON,
PN30698,Trail Card,GC006,,2004,
PN30702,Trail Card,GC012,,2004,
PN57800,Trail Card,GC057,,2004,
PN30714,Trail Card,GC383,,CICERO,
PN30715,Trail Card,GC400,,2005,
PN30733,Trail Card,GC445,,2004,
PN61238,Trail Card,GC451,,CICERO,
PN30734,Trail Card,GC457,,2004,
PN39652,Trail Card,GC469,,2004,
PN30749,Trail Card,GC490,,2005,
PN258,Trail Card,GC599,,CICERO,
PN19491,Trail Card,GC611,,CICERO,
PN257,Trail Card,GC619,,CICERO,
PN553,"MADISON, NEW AC # R0580",GP2019,"Sporting Goods->Outdoor Recreation->Camping, Backpacking & Hiking",1021,
PN31272,Lyon Equipment Ltd,GRIH,Sporting Goods->Outdoor Recreation->Climbing->Rock Climbing,4017,
PN31271,Lyon Equipment Ltd,GRIM,Sporting Goods->Outdoor Recreation->Climbing->Rock Climbing,4017,
PN39261,Lyon Equipment Ltd,GRIPPRO,Sporting Goods->Outdoor Recreation->Climbing->Rock Climbing,4017,
PN9101,WHITBY & CO.,GTMP-11-A1,"Sporting Goods->Outdoor Recreation->Camping, Backpacking & Hiking",14001,
PN19390,Burton McCall Ltd,HEL200,"Sporting Goods->Outdoor Recreation->Camping, Backpacking & Hiking",5005,
PN57810,Burton McCall Ltd,HNGKIT,"Sporting Goods->Outdoor Recreation->Camping, Backpacking & Hiking",5005,
PN33521,The Mountain Boot Co Ltd,HS12 (BOX),"Sporting Goods->Outdoor Recreation->Camping, Backpacking & Hiking",SCARPA,
PN5571,The Mountain Boot Co Ltd,IS260L20,Sporting Goods->Outdoor Recreation->Climbing->Ice Climbing,GRIVEL,
PN5570,The Mountain Boot Co Ltd,IS260M20,Sporting Goods->Outdoor Recreation->Climbing->Ice Climbing,GRIVEL,
PN5569,The Mountain Boot Co Ltd,IS260S20,Sporting Goods->Outdoor Recreation->Climbing->Ice Climbing,9007,
PN5563,The Mountain Boot Co Ltd,IS261.15,Sporting Goods->Outdoor Recreation->Climbing->Ice Climbing,GRIVEL,
PN5565,The Mountain Boot Co Ltd,IS261.15,Sporting Goods->Outdoor Recreation->Climbing->Ice Climbing,GRIVEL,
PN79063,Trail Card,ISBN 1852843756,,CICERO,
PN79065,Trail Card,ISBN 9781852843748,,CICERO,
PN39265,Lyon Equipment Ltd,J326511,"Sporting Goods->Outdoor Recreation->Camping, Backpacking & Hiking",JULBO,
PN79035,Lyon Equipment Ltd,J326722,Sporting Goods->Winter Sports->Skiing->Ski & Snowboarding Goggles,1016,
PN39266,Lyon Equipment Ltd,J335511,"Sporting Goods->Outdoor Recreation->Camping, Backpacking & Hiking",JULBO,
PN79036,Lyon Equipment Ltd,J335722,Sporting Goods->Winter Sports->Skiing->Ski & Snowboarding Goggles,JULBO,
PN70090,Lyon Equipment Ltd,J383522,Sporting Goods->Winter Sports->Skiing->Ski & Snowboarding Goggles,JULBO,
PN423,Lyon Equipment Ltd,J4371214,"Sporting Goods->Outdoor Recreation->Camping, Backpacking & Hiking",1016,
PN424,Lyon Equipment Ltd,J4373112,"Sporting Goods->Outdoor Recreation->Camping, Backpacking & Hiking",1016,
PN7735,Lyon Equipment Ltd,JM70912123,Sporting Goods->Winter Sports->Skiing->Ski & Snowboarding Goggles,9005,
PN7733,Lyon Equipment Ltd,JM79412140,Sporting Goods->Winter Sports->Skiing->Ski & Snowboarding Goggles,JULBO,
PN504,"MADISON, NEW AC # R0580",KE400BK,"Sporting Goods->Outdoor Recreation->Camping, Backpacking & Hiking",GOPRO,
PN505,"MADISON, NEW AC # R0580",KE410BK,"Sporting Goods->Outdoor Recreation->Camping, Backpacking & Hiking",CLEAR14,
PN57146,Lifemarque Ltd,L10610,"Sporting Goods->Outdoor Recreation->Camping, Backpacking & Hiking",LITTLE,
PN90026,Lifemarque Ltd,L10621,"Sporting Goods->Outdoor Recreation->Camping, Backpacking & Hiking",LITTLE,
PN19543,Lyon Equipment Ltd,LCHB,"Sporting Goods->Outdoor Recreation->Camping, Backpacking & Hiking",LYON,
PN31332,Lyon Equipment Ltd,LCHN,Sporting Goods->Outdoor Recreation->Climbing->Rock Climbing,LYON,
PN34081,Burton McCall Ltd,LK3A001,"Sporting Goods->Outdoor Recreation->Camping, Backpacking & Hiking",MAGLIT,
PN19540,Lyon Equipment Ltd,LMF1110 20 10,"Sporting Goods->Outdoor Recreation->Camping, Backpacking & Hiking",LIGHT,
PN31333,Lyon Equipment Ltd,LS5C100,Sporting Goods->Outdoor Recreation->Climbing->Rock Climbing,4001,
PN31243,Lyon Equipment Ltd,M36TL,Sporting Goods->Outdoor Recreation->Climbing->Rock Climbing,4008,
PN34261,Dalesman Int Ltd,M41,"Sporting Goods->Outdoor Recreation->Camping, Backpacking & Hiking->Tent Accessories",14001,
PN34504,CORDEE LTD,MF006,,2012,
PN8802,POWERTRAVELLER,MM02,"Sporting Goods->Outdoor Recreation->Camping, Backpacking & Hiking",PWRTRV,
PN31378,Lyon Equipment Ltd,MN1300K2P,"Sporting Goods->Outdoor Recreation->Camping, Backpacking & Hiking",DURACE,
PN34259,Dalesman Int Ltd,MN14,"Sporting Goods->Outdoor Recreation->Camping, Backpacking & Hiking->Tent Accessories",14001,
PN31379,Lyon Equipment Ltd,MN1500K4U,"Sporting Goods->Outdoor Recreation->Camping, Backpacking & Hiking",1001,
PN57643,Dalesman Int Ltd,MN17,"Sporting Goods->Outdoor Recreation->Camping, Backpacking & Hiking->Tent Accessories",14001,
PN31380,Lyon Equipment Ltd,MN2400K4U,"Sporting Goods->Outdoor Recreation->Camping, Backpacking & Hiking",DURACE,
PN5580,Equip Outdoor Tech Ltd,MR-47,"Sporting Goods->Outdoor Recreation->Camping, Backpacking & Hiking->Tents",14004,
PN5581,Equip Outdoor Tech Ltd,MR-48,"Sporting Goods->Outdoor Recreation->Camping, Backpacking & Hiking->Tents",14004,
PN8136,First Ascent,N2575-0032,"Sporting Goods->Outdoor Recreation->Camping, Backpacking & Hiking",1018,
PN8140,First Ascent,N99410002,"Sporting Goods->Outdoor Recreation->Camping, Backpacking & Hiking",1014,
PN57730,Trail Card,NEW EDITION,,CICERO,
PN31210,Lyon Equipment Ltd,OD05S,"Sporting Goods->Outdoor Recreation->Camping, Backpacking & Hiking",1011,
PN31208,Lyon Equipment Ltd,OD13,"Sporting Goods->Outdoor Recreation->Camping, Backpacking & Hiking",2008,
PN56703,Lyon Equipment Ltd,P07,Sporting Goods->Outdoor Recreation->Climbing->Rock Climbing,4010,
PN10007,Rosker Ltd,P321486,"Sporting Goods->Outdoor Recreation->Camping, Backpacking & Hiking",15005,
PN31340,Lyon Equipment Ltd,PCU80000,"Sporting Goods->Outdoor Recreation->Camping, Backpacking & Hiking",9001,
PN9057,POWERTRAVELLER,PG002,"Sporting Goods->Outdoor Recreation->Camping, Backpacking & Hiking",PWRTRV,
PN211,The Mountain Boot Co Ltd,PJDSPRING,Sporting Goods->Outdoor Recreation->Climbing->Ice Climbing,GRIVEL,
PN212,The Mountain Boot Co Ltd,PJSPRING+,Sporting Goods->Outdoor Recreation->Climbing->Ice Climbing,GRIVEL,
PN8804,POWERTRAVELLER,PMDV001,"Sporting Goods->Outdoor Recreation->Camping, Backpacking & Hiking",1001,
PN11070,AMG Group Ltd (Vango),PN11070,"Sporting Goods->Outdoor Recreation->Camping, Backpacking & Hiking->Freeze-Dried Food",VANGO,
PN11075,IDEVELOP (MACPAC),PN11075,Baby & Toddler->Baby Transport Accessories->Baby Carrier Accessories,3001,
PN11086,Cascade Designs Ltd,PN11086,"Sporting Goods->Outdoor Recreation->Camping, Backpacking & Hiking->Portable Water Filters & Purifiers",PLATYP,
PN11087,Cascade Designs Ltd,PN11087,"Sporting Goods->Outdoor Recreation->Camping, Backpacking & Hiking->Portable Water Filters & Purifiers",1019,
PN19413,Lyon Equipment Ltd,PN19413,"Sporting Goods->Outdoor Recreation->Camping, Backpacking & Hiking->Sleeping Pads",EXPED,
PN19414,Lyon Equipment Ltd,PN19414,"Sporting Goods->Outdoor Recreation->Camping, Backpacking & Hiking->Sleeping Pads",13004,
PN255,Trail Card,PN255,,CICERO,
PN33523,The Mountain Boot Co Ltd,PN33523,"Sporting Goods->Outdoor Recreation->Camping, Backpacking & Hiking",6001,
PN33683,The Mountain Boot Co Ltd,PN33683,"Sporting Goods->Outdoor Recreation->Camping, Backpacking & Hiking",SCARPA,
PN34057,Burton McCall Ltd,PN34057,"Sporting Goods->Outdoor Recreation->Camping, Backpacking & Hiking",VICTOR,
PN4011,Ardblair Sports Importers Ltd,PN4011,"Sporting Goods->Outdoor Recreation->Camping, Backpacking & Hiking->Hiking Poles",LEKI,
PN4019,Ardblair Sports Importers Ltd,PN4019,"Sporting Goods->Outdoor Recreation->Camping, Backpacking & Hiking->Hiking Poles",1017,
PN478,CORDEE LTD,PN478,,HARVEY,
PN4992,AMG Group Ltd (Vango),PN4992,"Sporting Goods->Outdoor Recreation->Camping, Backpacking & Hiking->Sleeping Pads",13004,
PN5640,MAPYX LIMITED,PN5640,,2003,
PN57681,Trail Card,PN57681,,CICERO,
PN60592,The Mountain Boot Co Ltd,PN60592,Sporting Goods->Outdoor Recreation->Climbing->Ice Climbing,9004,
PN65093,The Mountain Boot Co Ltd,PN65093,Sporting Goods->Outdoor Recreation->Climbing->Ice Climbing,GRIVEL,
PN70205,AMG Group Ltd (Vango),PN70205,"Sporting Goods->Outdoor Recreation->Camping, Backpacking & Hiking->Tents",16007,
PN70206,AMG Group Ltd (Vango),PN70206,"Sporting Goods->Outdoor Recreation->Camping, Backpacking & Hiking->Tents",VANGO,
PN70207,AMG Group Ltd (Vango),PN70207,"Sporting Goods->Outdoor Recreation->Camping, Backpacking & Hiking->Tents",16001,
PN70225,AMG Group Ltd (Vango),PN70225,"Sporting Goods->Outdoor Recreation->Camping, Backpacking & Hiking->Tent Accessories",14001,
PN70226,AMG Group Ltd (Vango),PN70226,"Sporting Goods->Outdoor Recreation->Camping, Backpacking & Hiking->Tent Accessories",14001,
PN70227,AMG Group Ltd (Vango),PN70227,"Sporting Goods->Outdoor Recreation->Camping, Backpacking & Hiking->Tent Accessories",14001,
PN70230,AMG Group Ltd (Vango),PN70230,"Sporting Goods->Outdoor Recreation->Camping, Backpacking & Hiking->Tent Accessories",VANGO,
PN70231,AMG Group Ltd (Vango),PN70231,"Sporting Goods->Outdoor Recreation->Camping, Backpacking & Hiking->Tent Accessories",14001,
PN70830,Trail Card,PN70830,,2013,
PN70832,Trail Card,PN70832,,CICERO,
PN70834,Trail Card,PN70834,,2004,
PN70835,Trail Card,PN70835,,2013,
PN7725,OUTDOOR DESIGN LOGISTICS LTD,PN7725,"Sporting Goods->Outdoor Recreation->Camping, Backpacking & Hiking->Tent Accessories->Tent Footprints",15001,
PN79042,ANATOM,PN79042,Sporting Goods->Winter Sports,15009,
PN8176,Burton McCall Ltd,PN8176,"Sporting Goods->Outdoor Recreation->Camping, Backpacking & Hiking",22004,
PN8193,SHEWEE LIMITED,PN8193,"Sporting Goods->Outdoor Recreation->Camping, Backpacking & Hiking",16007,
PN8702,AMG Group Ltd (Vango),PN8702,"Sporting Goods->Outdoor Recreation->Camping, Backpacking & Hiking->Camping Cookware & Dinnerware",VANGO,
PN9086,WHITBY & CO.,PN9086,"Sporting Goods->Outdoor Recreation->Camping, Backpacking & Hiking",14001,
PN9087,WHITBY & CO.,PN9087,"Sporting Goods->Outdoor Recreation->Camping, Backpacking & Hiking",16007,
PN70032,Lyon Equipment Ltd,PO5SO,Sporting Goods->Outdoor Recreation->Climbing->Rock Climbing,4010,
PN31216,Burton McCall Ltd,PST075,"Sporting Goods->Outdoor Recreation->Camping, Backpacking & Hiking",5001,
PN5573,MAPYX LIMITED,PU005,,2003,
PN5576,MAPYX LIMITED,PU012,,2003,
PN5577,MAPYX LIMITED,PU014,,MAPYX,
PN5578,MAPYX LIMITED,PU015,,15002,
PN80121,The Mountain Boot Co Ltd,RAG20A01,Sporting Goods->Outdoor Recreation->Climbing->Ice Climbing,GRIVEL,
PN19356,The Mountain Boot Co Ltd,RAG22A01,Sporting Goods->Outdoor Recreation->Climbing->Ice Climbing,9004,
PN60083,The Mountain Boot Co Ltd,RAHAUA06,Sporting Goods->Outdoor Recreation->Climbing->Ice Climbing,9004,
PN31458,The Mountain Boot Co Ltd,RAMBO,Sporting Goods->Outdoor Recreation->Climbing->Ice Climbing,GRIVEL,
PN31448,The Mountain Boot Co Ltd,RB097.14,Sporting Goods->Outdoor Recreation->Climbing->Ice Climbing,9004,
PN80410,The Mountain Boot Co Ltd,RB097.18,Sporting Goods->Outdoor Recreation->Climbing->Ice Climbing,GRIVEL,
PN31457,The Mountain Boot Co Ltd,RB100.02,Sporting Goods->Outdoor Recreation->Climbing->Ice Climbing,9004,
PN80043,Meindl UK Ltd,S-25200-02,"Sporting Goods->Outdoor Recreation->Camping, Backpacking & Hiking",SOURCE,
PN9157,STORM DFX LTD,S31101,"Sporting Goods->Outdoor Recreation->Camping, Backpacking & Hiking",STORM,
PN9156,STORM DFX LTD,S31102,"Sporting Goods->Outdoor Recreation->Camping, Backpacking & Hiking",12001,
PN9155,STORM DFX LTD,S31211,"Sporting Goods->Outdoor Recreation->Camping, Backpacking & Hiking",STORM,
PN9154,STORM DFX LTD,S31212,"Sporting Goods->Outdoor Recreation->Camping, Backpacking & Hiking",12001,
PN9150,STORM DFX LTD,S31234,"Sporting Goods->Outdoor Recreation->Camping, Backpacking & Hiking",STORM,
PN9153,STORM DFX LTD,S31242,"Sporting Goods->Outdoor Recreation->Camping, Backpacking & Hiking",12001,
PN9152,STORM DFX LTD,S31311,"Sporting Goods->Outdoor Recreation->Camping, Backpacking & Hiking",12001,
PN9151,STORM DFX LTD,S31312,"Sporting Goods->Outdoor Recreation->Camping, Backpacking & Hiking",STORM,
PN9148,STORM DFX LTD,S32202,"Sporting Goods->Outdoor Recreation->Camping, Backpacking & Hiking",STORM,
PN9149,STORM DFX LTD,S32501,"Sporting Goods->Outdoor Recreation->Camping, Backpacking & Hiking",6001,
PN9147,STORM DFX LTD,S36205,"Sporting Goods->Outdoor Recreation->Camping, Backpacking & Hiking",8001,
PN8803,POWERTRAVELLER,SMA003,"Sporting Goods->Outdoor Recreation->Camping, Backpacking & Hiking",1001,
PN33234,AMG Group Ltd (Vango),SMXTREK R03M1D,"Sporting Goods->Outdoor Recreation->Camping, Backpacking & Hiking->Sleeping Pads",VANGO,
PN19388,Burton McCall Ltd,SOL-AL,"Sporting Goods->Outdoor Recreation->Camping, Backpacking & Hiking",5005,
PN19387,Burton McCall Ltd,SOL-TI,"Sporting Goods->Outdoor Recreation->Camping, Backpacking & Hiking",JETBOI,
PN70070,Lyon Equipment Ltd,SP19A,Sporting Goods->Outdoor Recreation->Climbing->Rock Climbing,4016,
PN31454,The Mountain Boot Co Ltd,SPIDER,Sporting Goods->Outdoor Recreation->Climbing->Ice Climbing,9004,
PN9105,WHITBY & CO.,SQL-W,"Sporting Goods->Outdoor Recreation->Camping, Backpacking & Hiking",16007,
PN30039,AMER SPORTS UK LTD,SS004804000,"Sporting Goods->Outdoor Recreation->Camping, Backpacking & Hiking",SUUNTO,
PN5498,AMER SPORTS UK LTD,SS0S4722000,"Sporting Goods->Outdoor Recreation->Camping, Backpacking & Hiking",SUUNTO,
PN20471,Burton McCall Ltd,SUMOBWL,"Sporting Goods->Outdoor Recreation->Camping, Backpacking & Hiking",JETBOI,
PN20469,Burton McCall Ltd,SUMO-TI,"Sporting Goods->Outdoor Recreation->Camping, Backpacking & Hiking",JETBOI,
PN6799,AMG Group Ltd (Vango),TEXFOOTMTH21701,"Sporting Goods->Outdoor Recreation->Camping, Backpacking & Hiking->Tents",VANGO,
PN76011,DMM International Ltd,TOMC,Sporting Goods->Outdoor Recreation->Climbing->Rock Climbing,4006,
PN33278,AMG Group Ltd (Vango),TRXACCESS010Z01,"Sporting Goods->Outdoor Recreation->Camping, Backpacking & Hiking->Freeze-Dried Food",TRANGI,
PN33258,AMG Group Ltd (Vango),TRXACCESS02AZ01,"Sporting Goods->Outdoor Recreation->Camping, Backpacking & Hiking->Freeze-Dried Food",5004,
PN33259,AMG Group Ltd (Vango),TRXACCESS02BZ01,"Sporting Goods->Outdoor Recreation->Camping, Backpacking & Hiking->Freeze-Dried Food",TRANGI,
PN33260,AMG Group Ltd (Vango),TRXACCESS02CZ01,"Sporting Goods->Outdoor Recreation->Camping, Backpacking & Hiking->Freeze-Dried Food",5004,
PN33253,AMG Group Ltd (Vango),TRXACCESS02EZ01,"Sporting Goods->Outdoor Recreation->Camping, Backpacking & Hiking->Freeze-Dried Food",TRANGI,
PN33255,AMG Group Ltd (Vango),TRXACCESS02FZ01,"Sporting Goods->Outdoor Recreation->Camping, Backpacking & Hiking->Freeze-Dried Food",TRANGI,
PN33256,AMG Group Ltd (Vango),TRXACCESS02GZ01,"Sporting Goods->Outdoor Recreation->Camping, Backpacking & Hiking->Freeze-Dried Food",TRANGI,
PN33261,AMG Group Ltd (Vango),TRXCOOKAC006T90,"Sporting Goods->Outdoor Recreation->Camping, Backpacking & Hiking->Freeze-Dried Food",TRANGI,
PN33269,AMG Group Ltd (Vango),TRXCOOKAC006T91,"Sporting Goods->Outdoor Recreation->Camping, Backpacking & Hiking->Freeze-Dried Food",TRANGI,
PN33271,AMG Group Ltd (Vango),TRXCOOKAC01HT91,"Sporting Goods->Outdoor Recreation->Camping, Backpacking & Hiking->Freeze-Dried Food",TRANGI,
PN33273,AMG Group Ltd (Vango),TRXCOOKAC01JT91,"Sporting Goods->Outdoor Recreation->Camping, Backpacking & Hiking->Freeze-Dried Food",TRANGI,
PN33265,AMG Group Ltd (Vango),TRXCOOKAC01NT90,"Sporting Goods->Outdoor Recreation->Camping, Backpacking & Hiking->Freeze-Dried Food",TRANGI,
PN50626,AMG Group Ltd (Vango),TRXCOOKAC01ST90,"Sporting Goods->Outdoor Recreation->Camping, Backpacking & Hiking->Freeze-Dried Food",TRANGI,
PN33268,AMG Group Ltd (Vango),TRXCOOKAC01ST91,"Sporting Goods->Outdoor Recreation->Camping, Backpacking & Hiking->Freeze-Dried Food",TRANGI,
PN33279,AMG Group Ltd (Vango),TRXCOOKAC01XT90,"Sporting Goods->Outdoor Recreation->Camping, Backpacking & Hiking->Freeze-Dried Food",5001,
PN33280,AMG Group Ltd (Vango),TRXCOOKAC01YT90,"Sporting Goods->Outdoor Recreation->Camping, Backpacking & Hiking->Freeze-Dried Food",5001,
PN224,AMG Group Ltd (Vango),TRXCOOKAC1ZT91,"Sporting Goods->Outdoor Recreation->Camping, Backpacking & Hiking->Freeze-Dried Food",5005,
PN33244,AMG Group Ltd (Vango),TRXCOOKER01AT90,"Sporting Goods->Outdoor Recreation->Camping, Backpacking & Hiking->Freeze-Dried Food",TRANGI,
PN33249,AMG Group Ltd (Vango),TRXCOOKER01AT91,"Sporting Goods->Outdoor Recreation->Camping, Backpacking & Hiking->Freeze-Dried Food",5005,
PN57026,AMG Group Ltd (Vango),TRXCOOKER01BT88,"Sporting Goods->Outdoor Recreation->Camping, Backpacking & Hiking->Freeze-Dried Food",16005,
PN33245,AMG Group Ltd (Vango),TRXCOOKER01BT90,"Sporting Goods->Outdoor Recreation->Camping, Backpacking & Hiking->Freeze-Dried Food",TRANGI,
PN33246,AMG Group Ltd (Vango),TRXCOOKER01DT90,"Sporting Goods->Outdoor Recreation->Camping, Backpacking & Hiking->Freeze-Dried Food",TRANGI,
PN4990,Lyon Equipment Ltd,U21 3,Sporting Goods->Outdoor Recreation->Climbing->Rock Climbing,9006,
PN84194,Lyon Equipment Ltd,U21 GR2,Sporting Goods->Outdoor Recreation->Climbing->Rock Climbing,PETZL,
PN60362,Burton McCall Ltd,UK CTY SD001,"Sporting Goods->Outdoor Recreation->Camping, Backpacking & Hiking",15002,
PN79120,Burton McCall Ltd,UTNSFS,"Sporting Goods->Outdoor Recreation->Camping, Backpacking & Hiking",JETBOI,
PN70045,Lyon Equipment Ltd,X20101176,Luggage & Bags->Rucksack Accessories,8009,
PN70046,Lyon Equipment Ltd,X20101177,Luggage & Bags->Rucksack Accessories,EXPED,
PN19395,Lyon Equipment Ltd,X20101510,Luggage & Bags->Rucksack Accessories,8009,
PN19397,Lyon Equipment Ltd,X20101512,Luggage & Bags->Rucksack Accessories,8009,
PN19401,Lyon Equipment Ltd,X20101516,Luggage & Bags->Rucksack Accessories,8009,
PN70041,Lyon Equipment Ltd,X3205176,"Sporting Goods->Outdoor Recreation->Camping, Backpacking & Hiking->Sleeping Pads",13003,
PN8645,Lyon Equipment Ltd,X32205063,"Sporting Goods->Outdoor Recreation->Camping, Backpacking & Hiking->Sleeping Pads",EXPED,
PN70042,Lyon Equipment Ltd,X32205231,"Sporting Goods->Outdoor Recreation->Camping, Backpacking & Hiking->Sleeping Pads",EXPED,
PN8647,Lyon Equipment Ltd,X32205235,"Sporting Goods->Outdoor Recreation->Camping, Backpacking & Hiking->Sleeping Pads",13003,
PN19416,Lyon Equipment Ltd,X32205380,"Sporting Goods->Outdoor Recreation->Camping, Backpacking & Hiking->Sleeping Pads",EXPED,
PN19418,Lyon Equipment Ltd,X32205390,"Sporting Goods->Outdoor Recreation->Camping, Backpacking & Hiking->Sleeping Pads",13004,
PN19419,Lyon Equipment Ltd,X32205395,"Sporting Goods->Outdoor Recreation->Camping, Backpacking & Hiking->Sleeping Pads",13004,
PN7877,The Mountain Boot Co Ltd,ZAECC38W,Luggage & Bags->Backpacks,8004,
PN397,The Mountain Boot Co Ltd,ZAFRE40,Luggage & Bags->Backpacks,GRIVEL,
PN8636,Lowe Alpine Group Ltd,PN8636,Luggage & Bags->Rucksack Accessories,15008,
PN8640,Lowe Alpine Group Ltd,PN8640,Luggage & Bags->Rucksack Accessories,8009,
PN8641,Lowe Alpine Group Ltd,PN8641,Luggage & Bags->Rucksack Accessories,8009,
PN465,AMER SPORTS UK LTD,PN465,"Sporting Goods->Outdoor Recreation->Camping, Backpacking & Hiking",SUUNTO,
PN10003,AMG Group Ltd (Vango),PN10003,"Sporting Goods->Outdoor Recreation->Camping, Backpacking & Hiking",4012,
PN9166,Burton McCall Ltd,PN9166,"Sporting Goods->Outdoor Recreation->Camping, Backpacking & Hiking",1019,
PN9167,Burton McCall Ltd,PN9167,"Sporting Goods->Outdoor Recreation->Camping, Backpacking & Hiking",CAMELB,
PN9172,Burton McCall Ltd,PN9172,"Sporting Goods->Outdoor Recreation->Camping, Backpacking & Hiking",CAMELB,
PN9174,Burton McCall Ltd,PN9174,"Sporting Goods->Outdoor Recreation->Camping, Backpacking & Hiking",CAMELB,
PN8168,HAMMOCKOLOGY,PN8168,"Sporting Goods->Outdoor Recreation->Camping, Backpacking & Hiking",14001,
PN8169,HAMMOCKOLOGY,PN8169,"Sporting Goods->Outdoor Recreation->Camping, Backpacking & Hiking",8001,
PN33487,Meindl UK Ltd,PN33487,"Sporting Goods->Outdoor Recreation->Camping, Backpacking & Hiking",6001,
PN33638,Rosker Ltd,PN33638,"Sporting Goods->Outdoor Recreation->Camping, Backpacking & Hiking",UCO,
PN33639,Rosker Ltd,PN33639,"Sporting Goods->Outdoor Recreation->Camping, Backpacking & Hiking",7004,
PN8126,THE BACKPACKER SHOP LTD,PN8126,"Sporting Goods->Outdoor Recreation->Camping, Backpacking & Hiking",TICKS,
PN9080,WHITBY & CO.,PN9080,"Sporting Goods->Outdoor Recreation->Camping, Backpacking & Hiking",16007,
PN9096,WHITBY & CO.,PN9096,"Sporting Goods->Outdoor Recreation->Camping, Backpacking & Hiking",NITE I,
PN11003,AMG Group Ltd (Vango),PN11003,"Sporting Goods->Outdoor Recreation->Camping, Backpacking & Hiking->Camping Cookware & Dinnerware",5005,
PN8123,AMG Group Ltd (Vango),PN8123,"Sporting Goods->Outdoor Recreation->Camping, Backpacking & Hiking->Camping Cookware & Dinnerware",TRANGI,
PN57198,Cascade Designs Ltd,PN57198,"Sporting Goods->Outdoor Recreation->Camping, Backpacking & Hiking->Camping Cookware & Dinnerware",MSR,
PN8117,Cascade Designs Ltd,PN8117,"Sporting Goods->Outdoor Recreation->Camping, Backpacking & Hiking->Camping Cookware & Dinnerware",MSR,
PN8730,Cascade Designs Ltd,PN8730,"Sporting Goods->Outdoor Recreation->Camping, Backpacking & Hiking->Camping Cookware & Dinnerware",MSR,
PN8731,Cascade Designs Ltd,PN8731,"Sporting Goods->Outdoor Recreation->Camping, Backpacking & Hiking->Camping Cookware & Dinnerware",5005,
PN8693,AMG Group Ltd (Vango),PN8693,"Sporting Goods->Outdoor Recreation->Camping, Backpacking & Hiking->Sleeping Pads",16003,
PN7010,Cascade Designs Ltd,PN7010,"Sporting Goods->Outdoor Recreation->Camping, Backpacking & Hiking->Sleeping Pads",13004,
PN8204,Dalesman Int Ltd,PN8204,"Sporting Goods->Outdoor Recreation->Camping, Backpacking & Hiking->Tent Accessories",7003,
PN8302,Terra Nova Equip Ltd,PN8302,"Sporting Goods->Outdoor Recreation->Camping, Backpacking & Hiking->Tent Accessories",WILDTE,
PN8324,Terra Nova Equip Ltd,PN8324,"Sporting Goods->Outdoor Recreation->Camping, Backpacking & Hiking->Tent Accessories",TERRA,
PN8325,Terra Nova Equip Ltd,PN8325,"Sporting Goods->Outdoor Recreation->Camping, Backpacking & Hiking->Tent Accessories",TERRA,
PN8332,Terra Nova Equip Ltd,PN8332,"Sporting Goods->Outdoor Recreation->Camping, Backpacking & Hiking->Tent Accessories",14001,
PN8200,AMG Group Ltd (Vango),PN8200,"Sporting Goods->Outdoor Recreation->Camping, Backpacking & Hiking->Tent Accessories->Tent Footprints",14001,
PN70198,AMG Group Ltd (Vango),PN70198,"Sporting Goods->Outdoor Recreation->Camping, Backpacking & Hiking->Tents",VANGO,
PN8311,Terra Nova Equip Ltd,PN8311,"Sporting Goods->Outdoor Recreation->Camping, Backpacking & Hiking->Tents",14009,
PN8322,Terra Nova Equip Ltd,PN8322,"Sporting Goods->Outdoor Recreation->Camping, Backpacking & Hiking->Tents",TERRA,
PN8323,Terra Nova Equip Ltd,PN8323,"Sporting Goods->Outdoor Recreation->Camping, Backpacking & Hiking->Tents",TERRA,
PN31477,The Mountain Boot Co Ltd,PN31477,Sporting Goods->Outdoor Recreation->Climbing->Ice Climbing,GRIVEL,
PN481,Black Diamond Equipment Ltd,PN481,Sporting Goods->Outdoor Recreation->Climbing->Rock Climbing,9004,
PN5315,Black Diamond Equipment Ltd,PN5315,Sporting Goods->Outdoor Recreation->Climbing->Rock Climbing,18001,
PN65085,Black Diamond Equipment Ltd,PN65085,Sporting Goods->Outdoor Recreation->Climbing->Rock Climbing,BD2,
PN11005,DMM International Ltd,PN11005,Sporting Goods->Outdoor Recreation->Climbing->Rock Climbing,4008,
PN60179,DMM International Ltd,PN60179,Sporting Goods->Outdoor Recreation->Climbing->Rock Climbing,4008,
PN9179,DMM International Ltd,PN9179,Sporting Goods->Outdoor Recreation->Climbing->Rock Climbing,4016,
PN5677,Lyon Equipment Ltd,PN5677,Sporting Goods->Outdoor Recreation->Climbing->Rock Climbing,4003,
PN5678,Lyon Equipment Ltd,PN5678,Sporting Goods->Outdoor Recreation->Climbing->Rock Climbing,4003,
PN70071,Lyon Equipment Ltd,PN70071,Sporting Goods->Outdoor Recreation->Climbing->Rock Climbing,LASPOR,
PN653,Wild Country Ltd,PN653,Sporting Goods->Outdoor Recreation->Climbing->Rock Climbing,4015,
PN8143,NOBLE CUSTOM (ORTOVOX),PN8143,Sporting Goods->Winter Sports->Skiing,ORTO,
PN50655,Trail Card,PN50655,,2013,
